INSERT INTO customers (CustomerID, CustomerName, Phone, Email, Address) VALUES (1, 'Customer1', '051-2561107', 'customer1104@mail.org', 'Address 1'), (2, 'Customer2', '051-4107026', 'customer2951@example.com', 'Address 2'), (3, 'Customer3', '052-1833735', 'customer3186@testmail.com', 'Address 3'), (4, 'Customer4', '050-8610335', 'customer4319@example.com', 'Address 4'), (5, 'Customer5', '059-7180507', 'customer5330@example.com', 'Address 5'), (6, 'Customer6', '057-9461440', 'customer6578@mail.org', 'Address 6'), (7, 'Customer7', '050-2195195', 'customer726@example.com', 'Address 7'), (8, 'Customer8', '050-8921403', 'customer8242@testmail.com', 'Address 8'), (9, 'Customer9', '054-5626910', 'customer9598@example.com', 'Address 9'), (10, 'Customer10', '055-8186975', 'customer10609@testmail.com', 'Address 10'), (11, 'Customer11', '059-8967975', 'customer11629@testmail.com', 'Address 11'), (12, 'Customer12', '051-7210662', 'customer12261@mail.org', 'Address 12'), (13, 'Customer13', '056-3458810', 'customer13136@example.com', 'Address 13'), (14, 'Customer14', '059-3806677', 'customer14797@mail.org', 'Address 14'), (15, 'Customer15', '055-2339916', 'customer15654@testmail.com', 'Address 15'), (16, 'Customer16', '054-7516493', 'customer16476@mail.org', 'Address 16'), (17, 'Customer17', '059-6773408', 'customer17634@mail.org', 'Address 17'), (18, 'Customer18', '058-7969080', 'customer18652@example.com', 'Address 18'), (19, 'Customer19', '056-1099648', 'customer19913@example.com', 'Address 19'), (20, 'Customer20', '057-5556985', 'customer20618@example.com', 'Address 20'), (21, 'Customer21', '051-2193609', 'customer21428@testmail.com', 'Address 21'), (22, 'Customer22', '056-3252538', 'customer22181@example.com', 'Address 22'), (23, 'Customer23', '054-4393434', 'customer23395@example.com', 'Address 23'), (24, 'Customer24', '059-2289839', 'customer24731@example.com', 'Address 24'), (25, 'Customer25', '053-7356778', 'customer25333@testmail.com', 'Address 25'), (26, 'Customer26', '053-2643573', 'customer26648@testmail.com', 'Address 26'), (27, 'Customer27', '052-2962377', 'customer27321@example.com', 'Address 27'), (28, 'Customer28', '053-9304704', 'customer28980@example.com', 'Address 28'), (29, 'Customer29', '058-9043588', 'customer29908@testmail.com', 'Address 29'), (30, 'Customer30', '051-6060039', 'customer30268@testmail.com', 'Address 30'), (31, 'Customer31', '053-6725732', 'customer31846@example.com', 'Address 31'), (32, 'Customer32', '050-4537257', 'customer32199@testmail.com', 'Address 32'), (33, 'Customer33', '055-4812813', 'customer33894@testmail.com', 'Address 33'), (34, 'Customer34', '055-4293932', 'customer34922@mail.org', 'Address 34'), (35, 'Customer35', '057-4301572', 'customer35454@example.com', 'Address 35'), (36, 'Customer36', '055-9987508', 'customer36686@testmail.com', 'Address 36'), (37, 'Customer37', '055-5798562', 'customer37555@mail.org', 'Address 37'), (38, 'Customer38', '055-3989961', 'customer38233@mail.org', 'Address 38'), (39, 'Customer39', '053-6240000', 'customer39859@example.com', 'Address 39'), (40, 'Customer40', '054-1560324', 'customer40194@testmail.com', 'Address 40'), (41, 'Customer41', '053-8586394', 'customer41512@example.com', 'Address 41'), (42, 'Customer42', '059-4775566', 'customer42657@testmail.com', 'Address 42'), (43, 'Customer43', '053-1465124', 'customer43644@testmail.com', 'Address 43'), (44, 'Customer44', '054-9570853', 'customer44319@testmail.com', 'Address 44'), (45, 'Customer45', '057-9350391', 'customer45795@testmail.com', 'Address 45'), (46, 'Customer46', '050-6458131', 'customer46297@testmail.com', 'Address 46'), (47, 'Customer47', '054-7209537', 'customer47719@example.com', 'Address 47'), (48, 'Customer48', '055-1391393', 'customer48617@example.com', 'Address 48'), (49, 'Customer49', '056-2961600', 'customer49538@mail.org', 'Address 49'), (50, 'Customer50', '057-3131607', 'customer50476@testmail.com', 'Address 50'), (51, 'Customer51', '057-7626716', 'customer51310@example.com', 'Address 51'), (52, 'Customer52', '057-7530727', 'customer52447@testmail.com', 'Address 52'), (53, 'Customer53', '056-5078225', 'customer53716@mail.org', 'Address 53'), (54, 'Customer54', '059-1587688', 'customer54208@mail.org', 'Address 54'), (55, 'Customer55', '053-8110734', 'customer55215@example.com', 'Address 55'), (56, 'Customer56', '056-8234701', 'customer56940@mail.org', 'Address 56'), (57, 'Customer57', '059-6071825', 'customer57304@example.com', 'Address 57'), (58, 'Customer58', '058-6612332', 'customer58856@testmail.com', 'Address 58'), (59, 'Customer59', '055-8776492', 'customer59957@mail.org', 'Address 59'), (60, 'Customer60', '053-7102523', 'customer60199@mail.org', 'Address 60'), (61, 'Customer61', '051-3874253', 'customer61978@mail.org', 'Address 61'), (62, 'Customer62', '055-6669752', 'customer62175@testmail.com', 'Address 62'), (63, 'Customer63', '051-1620544', 'customer63421@testmail.com', 'Address 63'), (64, 'Customer64', '059-2231185', 'customer6462@testmail.com', 'Address 64'), (65, 'Customer65', '051-6203162', 'customer65244@example.com', 'Address 65'), (66, 'Customer66', '052-9529062', 'customer6615@example.com', 'Address 66'), (67, 'Customer67', '053-2180828', 'customer67299@mail.org', 'Address 67'), (68, 'Customer68', '058-6335970', 'customer68781@example.com', 'Address 68'), (69, 'Customer69', '056-4562440', 'customer69992@testmail.com', 'Address 69'), (70, 'Customer70', '056-2340461', 'customer70199@mail.org', 'Address 70'), (71, 'Customer71', '052-7054235', 'customer71746@testmail.com', 'Address 71'), (72, 'Customer72', '059-2746560', 'customer72235@example.com', 'Address 72'), (73, 'Customer73', '054-5945190', 'customer73519@testmail.com', 'Address 73'), (74, 'Customer74', '050-7498377', 'customer74532@testmail.com', 'Address 74'), (75, 'Customer75', '055-6403698', 'customer75753@testmail.com', 'Address 75'), (76, 'Customer76', '051-9545439', 'customer76926@testmail.com', 'Address 76'), (77, 'Customer77', '056-2195194', 'customer77272@mail.org', 'Address 77'), (78, 'Customer78', '055-8126461', 'customer78876@testmail.com', 'Address 78'), (79, 'Customer79', '055-4193810', 'customer79384@testmail.com', 'Address 79'), (80, 'Customer80', '050-1464546', 'customer80466@example.com', 'Address 80'), (81, 'Customer81', '050-9885734', 'customer81388@example.com', 'Address 81'), (82, 'Customer82', '051-2315425', 'customer82281@testmail.com', 'Address 82'), (83, 'Customer83', '050-1401590', 'customer83878@testmail.com', 'Address 83'), (84, 'Customer84', '053-6455065', 'customer84277@testmail.com', 'Address 84'), (85, 'Customer85', '056-2171669', 'customer85256@mail.org', 'Address 85'), (86, 'Customer86', '051-9842816', 'customer86243@testmail.com', 'Address 86'), (87, 'Customer87', '054-5273394', 'customer87915@mail.org', 'Address 87'), (88, 'Customer88', '053-1116393', 'customer88617@mail.org', 'Address 88'), (89, 'Customer89', '054-5490977', 'customer89567@testmail.com', 'Address 89'), (90, 'Customer90', '059-9507761', 'customer90763@example.com', 'Address 90'), (91, 'Customer91', '058-4669338', 'customer91525@testmail.com', 'Address 91'), (92, 'Customer92', '054-3585160', 'customer92714@example.com', 'Address 92'), (93, 'Customer93', '056-8432507', 'customer93606@example.com', 'Address 93'), (94, 'Customer94', '050-7155027', 'customer9418@testmail.com', 'Address 94'), (95, 'Customer95', '054-4158648', 'customer95525@example.com', 'Address 95'), (96, 'Customer96', '051-2324173', 'customer96248@example.com', 'Address 96'), (97, 'Customer97', '051-1737639', 'customer97813@mail.org', 'Address 97'), (98, 'Customer98', '058-6177997', 'customer98613@example.com', 'Address 98'), (99, 'Customer99', '056-8916415', 'customer99575@testmail.com', 'Address 99'), (100, 'Customer100', '053-6011755', 'customer100424@mail.org', 'Address 100'), (101, 'Customer101', '059-4169108', 'customer101513@example.com', 'Address 101'), (102, 'Customer102', '056-2598137', 'customer102645@example.com', 'Address 102'), (103, 'Customer103', '058-5262447', 'customer103167@mail.org', 'Address 103'), (104, 'Customer104', '052-4894981', 'customer104258@testmail.com', 'Address 104'), (105, 'Customer105', '050-9448047', 'customer105884@example.com', 'Address 105'), (106, 'Customer106', '058-7849762', 'customer106900@example.com', 'Address 106'), (107, 'Customer107', '057-9184078', 'customer107552@testmail.com', 'Address 107'), (108, 'Customer108', '054-5946323', 'customer108980@testmail.com', 'Address 108'), (109, 'Customer109', '058-3022385', 'customer109136@testmail.com', 'Address 109'), (110, 'Customer110', '050-1919021', 'customer110122@mail.org', 'Address 110'), (111, 'Customer111', '052-4267795', 'customer111966@mail.org', 'Address 111'), (112, 'Customer112', '057-1152359', 'customer112976@testmail.com', 'Address 112'), (113, 'Customer113', '050-2978737', 'customer11314@example.com', 'Address 113'), (114, 'Customer114', '050-8937745', 'customer114315@testmail.com', 'Address 114'), (115, 'Customer115', '050-7441442', 'customer115348@testmail.com', 'Address 115'), (116, 'Customer116', '055-9601461', 'customer116456@mail.org', 'Address 116'), (117, 'Customer117', '052-6988837', 'customer117755@example.com', 'Address 117'), (118, 'Customer118', '054-2280809', 'customer118600@mail.org', 'Address 118'), (119, 'Customer119', '059-9132340', 'customer119472@example.com', 'Address 119'), (120, 'Customer120', '051-9986248', 'customer120243@mail.org', 'Address 120'), (121, 'Customer121', '058-1175986', 'customer121311@example.com', 'Address 121'), (122, 'Customer122', '057-2798985', 'customer122687@example.com', 'Address 122'), (123, 'Customer123', '054-6676025', 'customer123876@mail.org', 'Address 123'), (124, 'Customer124', '054-5764770', 'customer124504@example.com', 'Address 124'), (125, 'Customer125', '057-7171775', 'customer125299@example.com', 'Address 125'), (126, 'Customer126', '053-8042085', 'customer126204@mail.org', 'Address 126'), (127, 'Customer127', '055-8110318', 'customer12774@testmail.com', 'Address 127'), (128, 'Customer128', '056-4636796', 'customer128236@mail.org', 'Address 128'), (129, 'Customer129', '053-5166619', 'customer129244@example.com', 'Address 129'), (130, 'Customer130', '052-4887439', 'customer130730@example.com', 'Address 130'), (131, 'Customer131', '051-6631745', 'customer131420@mail.org', 'Address 131'), (132, 'Customer132', '055-8905340', 'customer132432@example.com', 'Address 132'), (133, 'Customer133', '059-5347092', 'customer133737@mail.org', 'Address 133'), (134, 'Customer134', '056-1135610', 'customer134260@testmail.com', 'Address 134'), (135, 'Customer135', '050-1601505', 'customer135972@testmail.com', 'Address 135'), (136, 'Customer136', '055-6860617', 'customer136193@testmail.com', 'Address 136'), (137, 'Customer137', '055-2941641', 'customer137722@mail.org', 'Address 137'), (138, 'Customer138', '052-7069432', 'customer138210@mail.org', 'Address 138'), (139, 'Customer139', '052-8237136', 'customer139237@example.com', 'Address 139'), (140, 'Customer140', '058-9898390', 'customer14025@testmail.com', 'Address 140'), (141, 'Customer141', '055-7087851', 'customer141767@mail.org', 'Address 141'), (142, 'Customer142', '054-8597064', 'customer142849@example.com', 'Address 142'), (143, 'Customer143', '059-9983219', 'customer143760@testmail.com', 'Address 143'), (144, 'Customer144', '058-1683701', 'customer144108@mail.org', 'Address 144'), (145, 'Customer145', '050-6305047', 'customer145891@mail.org', 'Address 145'), (146, 'Customer146', '053-4858702', 'customer146612@mail.org', 'Address 146'), (147, 'Customer147', '051-2226719', 'customer147586@example.com', 'Address 147'), (148, 'Customer148', '055-5969601', 'customer148668@testmail.com', 'Address 148'), (149, 'Customer149', '050-8108280', 'customer149729@mail.org', 'Address 149'), (150, 'Customer150', '051-4196232', 'customer150303@example.com', 'Address 150'), (151, 'Customer151', '053-8007517', 'customer151278@mail.org', 'Address 151'), (152, 'Customer152', '059-2473063', 'customer152841@testmail.com', 'Address 152'), (153, 'Customer153', '050-2623725', 'customer15380@example.com', 'Address 153'), (154, 'Customer154', '051-5274066', 'customer154715@testmail.com', 'Address 154'), (155, 'Customer155', '052-3584127', 'customer155487@mail.org', 'Address 155'), (156, 'Customer156', '059-6641652', 'customer156318@example.com', 'Address 156'), (157, 'Customer157', '059-5740158', 'customer157646@mail.org', 'Address 157'), (158, 'Customer158', '055-6342161', 'customer158408@testmail.com', 'Address 158'), (159, 'Customer159', '059-3256441', 'customer159686@example.com', 'Address 159'), (160, 'Customer160', '059-3412611', 'customer160886@mail.org', 'Address 160'), (161, 'Customer161', '051-7143366', 'customer161832@example.com', 'Address 161'), (162, 'Customer162', '054-4988506', 'customer162537@testmail.com', 'Address 162'), (163, 'Customer163', '052-8145803', 'customer163218@mail.org', 'Address 163'), (164, 'Customer164', '051-5430092', 'customer164446@example.com', 'Address 164'), (165, 'Customer165', '052-9417720', 'customer165819@example.com', 'Address 165'), (166, 'Customer166', '055-6130134', 'customer166633@testmail.com', 'Address 166'), (167, 'Customer167', '051-2623256', 'customer167735@testmail.com', 'Address 167'), (168, 'Customer168', '058-1096541', 'customer168872@example.com', 'Address 168'), (169, 'Customer169', '057-8317311', 'customer169847@mail.org', 'Address 169'), (170, 'Customer170', '050-2386646', 'customer170915@mail.org', 'Address 170'), (171, 'Customer171', '053-7118909', 'customer171965@testmail.com', 'Address 171'), (172, 'Customer172', '058-9105937', 'customer172529@mail.org', 'Address 172'), (173, 'Customer173', '052-4352070', 'customer173376@example.com', 'Address 173'), (174, 'Customer174', '051-7060761', 'customer174503@testmail.com', 'Address 174'), (175, 'Customer175', '050-5362295', 'customer175188@example.com', 'Address 175'), (176, 'Customer176', '055-4856179', 'customer176347@example.com', 'Address 176'), (177, 'Customer177', '051-2829209', 'customer177573@testmail.com', 'Address 177'), (178, 'Customer178', '054-6977264', 'customer178286@example.com', 'Address 178'), (179, 'Customer179', '050-9272521', 'customer179399@mail.org', 'Address 179'), (180, 'Customer180', '050-1440129', 'customer180400@example.com', 'Address 180'), (181, 'Customer181', '059-8074512', 'customer181546@example.com', 'Address 181'), (182, 'Customer182', '059-3154275', 'customer182273@testmail.com', 'Address 182'), (183, 'Customer183', '052-6769131', 'customer183548@example.com', 'Address 183'), (184, 'Customer184', '055-1668537', 'customer184603@mail.org', 'Address 184'), (185, 'Customer185', '059-4719612', 'customer185155@testmail.com', 'Address 185'), (186, 'Customer186', '053-5475196', 'customer18613@mail.org', 'Address 186'), (187, 'Customer187', '054-6880093', 'customer187911@testmail.com', 'Address 187'), (188, 'Customer188', '058-1157177', 'customer188285@mail.org', 'Address 188'), (189, 'Customer189', '057-1234823', 'customer189255@testmail.com', 'Address 189'), (190, 'Customer190', '053-4513250', 'customer19038@testmail.com', 'Address 190'), (191, 'Customer191', '056-8333578', 'customer191457@testmail.com', 'Address 191'), (192, 'Customer192', '055-9205360', 'customer192278@mail.org', 'Address 192'), (193, 'Customer193', '050-3148725', 'customer193996@example.com', 'Address 193'), (194, 'Customer194', '052-3187111', 'customer194896@testmail.com', 'Address 194'), (195, 'Customer195', '054-4203314', 'customer195387@example.com', 'Address 195'), (196, 'Customer196', '058-6217425', 'customer196402@mail.org', 'Address 196'), (197, 'Customer197', '054-3639780', 'customer197916@testmail.com', 'Address 197'), (198, 'Customer198', '051-6115703', 'customer19836@testmail.com', 'Address 198'), (199, 'Customer199', '057-9537693', 'customer199876@mail.org', 'Address 199'), (200, 'Customer200', '053-8979750', 'customer200453@testmail.com', 'Address 200'), (201, 'Customer201', '050-8953420', 'customer201793@testmail.com', 'Address 201'), (202, 'Customer202', '050-2696424', 'customer202572@example.com', 'Address 202'), (203, 'Customer203', '056-2379328', 'customer203901@example.com', 'Address 203'), (204, 'Customer204', '053-6546597', 'customer204372@mail.org', 'Address 204'), (205, 'Customer205', '058-8374320', 'customer205521@example.com', 'Address 205'), (206, 'Customer206', '056-4463536', 'customer206310@example.com', 'Address 206'), (207, 'Customer207', '051-6735811', 'customer207318@mail.org', 'Address 207'), (208, 'Customer208', '052-3661816', 'customer208789@example.com', 'Address 208'), (209, 'Customer209', '059-1116050', 'customer209809@example.com', 'Address 209'), (210, 'Customer210', '058-9579715', 'customer210862@example.com', 'Address 210'), (211, 'Customer211', '051-3300153', 'customer211603@mail.org', 'Address 211'), (212, 'Customer212', '059-6902557', 'customer212379@example.com', 'Address 212'), (213, 'Customer213', '058-8309398', 'customer213108@example.com', 'Address 213'), (214, 'Customer214', '059-6062145', 'customer214339@mail.org', 'Address 214'), (215, 'Customer215', '056-2686797', 'customer215268@testmail.com', 'Address 215'), (216, 'Customer216', '058-4911399', 'customer216841@testmail.com', 'Address 216'), (217, 'Customer217', '057-9123334', 'customer21747@example.com', 'Address 217'), (218, 'Customer218', '058-4308055', 'customer218800@testmail.com', 'Address 218'), (219, 'Customer219', '052-7817282', 'customer219332@example.com', 'Address 219'), (220, 'Customer220', '055-8488424', 'customer220181@mail.org', 'Address 220'), (221, 'Customer221', '058-2286544', 'customer221354@mail.org', 'Address 221'), (222, 'Customer222', '056-2573161', 'customer222670@testmail.com', 'Address 222'), (223, 'Customer223', '058-9210027', 'customer223742@example.com', 'Address 223'), (224, 'Customer224', '055-4572537', 'customer224282@mail.org', 'Address 224'), (225, 'Customer225', '052-8411051', 'customer225275@testmail.com', 'Address 225'), (226, 'Customer226', '057-7525233', 'customer226397@example.com', 'Address 226'), (227, 'Customer227', '053-5665252', 'customer227952@testmail.com', 'Address 227'), (228, 'Customer228', '054-3527472', 'customer228945@mail.org', 'Address 228'), (229, 'Customer229', '057-7961543', 'customer229673@testmail.com', 'Address 229'), (230, 'Customer230', '054-9013830', 'customer230342@mail.org', 'Address 230'), (231, 'Customer231', '050-5209533', 'customer231467@example.com', 'Address 231'), (232, 'Customer232', '059-3423762', 'customer232142@mail.org', 'Address 232'), (233, 'Customer233', '051-5240954', 'customer233353@example.com', 'Address 233'), (234, 'Customer234', '053-7074179', 'customer234353@mail.org', 'Address 234'), (235, 'Customer235', '059-4359984', 'customer235483@example.com', 'Address 235'), (236, 'Customer236', '058-5078745', 'customer236934@example.com', 'Address 236'), (237, 'Customer237', '050-8721117', 'customer237981@example.com', 'Address 237'), (238, 'Customer238', '050-4356701', 'customer238491@testmail.com', 'Address 238'), (239, 'Customer239', '050-1278616', 'customer239965@mail.org', 'Address 239'), (240, 'Customer240', '056-5917298', 'customer240836@example.com', 'Address 240'), (241, 'Customer241', '055-2787038', 'customer241557@example.com', 'Address 241'), (242, 'Customer242', '050-6650319', 'customer242563@mail.org', 'Address 242'), (243, 'Customer243', '052-6849380', 'customer243633@example.com', 'Address 243'), (244, 'Customer244', '054-9722257', 'customer244910@mail.org', 'Address 244'), (245, 'Customer245', '053-8982804', 'customer245217@testmail.com', 'Address 245'), (246, 'Customer246', '055-3090588', 'customer246948@example.com', 'Address 246'), (247, 'Customer247', '059-8209938', 'customer247211@testmail.com', 'Address 247'), (248, 'Customer248', '050-6232552', 'customer248768@testmail.com', 'Address 248'), (249, 'Customer249', '050-1833088', 'customer249564@example.com', 'Address 249'), (250, 'Customer250', '052-4101729', 'customer250669@mail.org', 'Address 250'), (251, 'Customer251', '058-3988774', 'customer25192@example.com', 'Address 251'), (252, 'Customer252', '058-5875835', 'customer252686@example.com', 'Address 252'), (253, 'Customer253', '057-4116367', 'customer253403@testmail.com', 'Address 253'), (254, 'Customer254', '057-8367744', 'customer254829@example.com', 'Address 254'), (255, 'Customer255', '059-7259437', 'customer25577@mail.org', 'Address 255'), (256, 'Customer256', '051-3866906', 'customer256736@mail.org', 'Address 256'), (257, 'Customer257', '059-5907965', 'customer257878@testmail.com', 'Address 257'), (258, 'Customer258', '058-8107979', 'customer258385@testmail.com', 'Address 258'), (259, 'Customer259', '054-7992248', 'customer259871@example.com', 'Address 259'), (260, 'Customer260', '058-4866681', 'customer260883@example.com', 'Address 260'), (261, 'Customer261', '055-4379493', 'customer261565@testmail.com', 'Address 261'), (262, 'Customer262', '051-1702845', 'customer262100@example.com', 'Address 262'), (263, 'Customer263', '055-3435616', 'customer263138@example.com', 'Address 263'), (264, 'Customer264', '058-4875220', 'customer264445@mail.org', 'Address 264'), (265, 'Customer265', '051-7556231', 'customer265576@mail.org', 'Address 265'), (266, 'Customer266', '053-6404043', 'customer266626@testmail.com', 'Address 266'), (267, 'Customer267', '055-2325547', 'customer2671@testmail.com', 'Address 267'), (268, 'Customer268', '050-2479318', 'customer268516@testmail.com', 'Address 268'), (269, 'Customer269', '057-9893525', 'customer269531@mail.org', 'Address 269'), (270, 'Customer270', '056-7156597', 'customer270177@testmail.com', 'Address 270'), (271, 'Customer271', '051-7124168', 'customer271170@testmail.com', 'Address 271'), (272, 'Customer272', '051-6400409', 'customer272220@example.com', 'Address 272'), (273, 'Customer273', '057-5401161', 'customer273467@example.com', 'Address 273'), (274, 'Customer274', '053-1629786', 'customer274790@mail.org', 'Address 274'), (275, 'Customer275', '051-6896371', 'customer27554@example.com', 'Address 275'), (276, 'Customer276', '058-6919990', 'customer276254@mail.org', 'Address 276'), (277, 'Customer277', '058-6010157', 'customer277165@mail.org', 'Address 277'), (278, 'Customer278', '054-9115821', 'customer278821@example.com', 'Address 278'), (279, 'Customer279', '050-2943725', 'customer279153@example.com', 'Address 279'), (280, 'Customer280', '055-6682747', 'customer280733@testmail.com', 'Address 280'), (281, 'Customer281', '056-9094257', 'customer281168@mail.org', 'Address 281'), (282, 'Customer282', '055-6865140', 'customer28285@mail.org', 'Address 282'), (283, 'Customer283', '054-2726260', 'customer283902@example.com', 'Address 283'), (284, 'Customer284', '058-2957107', 'customer284815@example.com', 'Address 284'), (285, 'Customer285', '059-4392346', 'customer285903@mail.org', 'Address 285'), (286, 'Customer286', '057-8201611', 'customer286624@example.com', 'Address 286'), (287, 'Customer287', '053-1279321', 'customer287330@example.com', 'Address 287'), (288, 'Customer288', '053-9860307', 'customer288548@testmail.com', 'Address 288'), (289, 'Customer289', '052-4601588', 'customer289317@example.com', 'Address 289'), (290, 'Customer290', '059-8273623', 'customer290842@testmail.com', 'Address 290'), (291, 'Customer291', '055-3522265', 'customer291708@mail.org', 'Address 291'), (292, 'Customer292', '053-9790780', 'customer292331@testmail.com', 'Address 292'), (293, 'Customer293', '052-2048488', 'customer293643@example.com', 'Address 293'), (294, 'Customer294', '055-3752804', 'customer294441@testmail.com', 'Address 294'), (295, 'Customer295', '058-3050512', 'customer295288@mail.org', 'Address 295'), (296, 'Customer296', '054-9891303', 'customer296676@mail.org', 'Address 296'), (297, 'Customer297', '052-3096737', 'customer297311@example.com', 'Address 297'), (298, 'Customer298', '050-3239774', 'customer298613@testmail.com', 'Address 298'), (299, 'Customer299', '054-2617719', 'customer29944@mail.org', 'Address 299'), (300, 'Customer300', '055-7837187', 'customer300703@example.com', 'Address 300'), (301, 'Customer301', '056-5312455', 'customer301418@example.com', 'Address 301'), (302, 'Customer302', '052-6268088', 'customer302927@testmail.com', 'Address 302'), (303, 'Customer303', '058-1014761', 'customer30329@testmail.com', 'Address 303'), (304, 'Customer304', '054-9947447', 'customer304559@example.com', 'Address 304'), (305, 'Customer305', '055-9150889', 'customer305592@mail.org', 'Address 305'), (306, 'Customer306', '053-6788179', 'customer306928@example.com', 'Address 306'), (307, 'Customer307', '058-8042097', 'customer307831@example.com', 'Address 307'), (308, 'Customer308', '052-4929576', 'customer308495@example.com', 'Address 308'), (309, 'Customer309', '059-8113547', 'customer30918@mail.org', 'Address 309'), (310, 'Customer310', '053-7641189', 'customer310950@testmail.com', 'Address 310'), (311, 'Customer311', '054-7741273', 'customer311772@mail.org', 'Address 311'), (312, 'Customer312', '053-2361238', 'customer312397@mail.org', 'Address 312'), (313, 'Customer313', '051-6501403', 'customer313471@example.com', 'Address 313'), (314, 'Customer314', '057-4655498', 'customer314382@testmail.com', 'Address 314'), (315, 'Customer315', '058-9196562', 'customer315449@example.com', 'Address 315'), (316, 'Customer316', '059-1851096', 'customer316358@testmail.com', 'Address 316'), (317, 'Customer317', '052-2615836', 'customer317327@example.com', 'Address 317'), (318, 'Customer318', '059-4965995', 'customer318529@example.com', 'Address 318'), (319, 'Customer319', '057-9565808', 'customer319328@testmail.com', 'Address 319'), (320, 'Customer320', '056-1091118', 'customer320578@mail.org', 'Address 320'), (321, 'Customer321', '057-3720980', 'customer321277@example.com', 'Address 321'), (322, 'Customer322', '055-7448515', 'customer322639@testmail.com', 'Address 322'), (323, 'Customer323', '054-7337192', 'customer323509@mail.org', 'Address 323'), (324, 'Customer324', '052-9612419', 'customer324874@mail.org', 'Address 324'), (325, 'Customer325', '056-8867242', 'customer325811@testmail.com', 'Address 325'), (326, 'Customer326', '053-9116450', 'customer326303@testmail.com', 'Address 326'), (327, 'Customer327', '056-2873299', 'customer327156@mail.org', 'Address 327'), (328, 'Customer328', '054-4108304', 'customer328974@mail.org', 'Address 328'), (329, 'Customer329', '057-7027405', 'customer3293@example.com', 'Address 329'), (330, 'Customer330', '054-4197021', 'customer330192@mail.org', 'Address 330'), (331, 'Customer331', '055-1431573', 'customer331637@mail.org', 'Address 331'), (332, 'Customer332', '058-8665365', 'customer332266@example.com', 'Address 332'), (333, 'Customer333', '052-8919919', 'customer333368@example.com', 'Address 333'), (334, 'Customer334', '050-7780917', 'customer33466@mail.org', 'Address 334'), (335, 'Customer335', '052-5582921', 'customer33543@example.com', 'Address 335'), (336, 'Customer336', '054-6602326', 'customer336687@example.com', 'Address 336'), (337, 'Customer337', '059-6459920', 'customer337407@testmail.com', 'Address 337'), (338, 'Customer338', '054-1532584', 'customer338901@testmail.com', 'Address 338'), (339, 'Customer339', '056-3138115', 'customer33980@example.com', 'Address 339'), (340, 'Customer340', '051-5762320', 'customer340818@example.com', 'Address 340'), (341, 'Customer341', '053-6338578', 'customer341740@testmail.com', 'Address 341'), (342, 'Customer342', '053-1960699', 'customer342765@example.com', 'Address 342'), (343, 'Customer343', '052-1426861', 'customer34333@mail.org', 'Address 343'), (344, 'Customer344', '059-9315824', 'customer344900@testmail.com', 'Address 344'), (345, 'Customer345', '050-8137976', 'customer345691@example.com', 'Address 345'), (346, 'Customer346', '058-7575292', 'customer346254@example.com', 'Address 346'), (347, 'Customer347', '055-1848859', 'customer347296@mail.org', 'Address 347'), (348, 'Customer348', '059-8238067', 'customer34834@example.com', 'Address 348'), (349, 'Customer349', '056-3193532', 'customer349450@example.com', 'Address 349'), (350, 'Customer350', '056-2165438', 'customer350147@testmail.com', 'Address 350'), (351, 'Customer351', '058-6035084', 'customer351426@testmail.com', 'Address 351'), (352, 'Customer352', '051-2171794', 'customer35287@testmail.com', 'Address 352'), (353, 'Customer353', '056-1288989', 'customer35396@mail.org', 'Address 353'), (354, 'Customer354', '053-3090678', 'customer354191@mail.org', 'Address 354'), (355, 'Customer355', '058-4079647', 'customer355876@example.com', 'Address 355'), (356, 'Customer356', '055-6521544', 'customer356271@testmail.com', 'Address 356'), (357, 'Customer357', '056-8010531', 'customer357299@testmail.com', 'Address 357'), (358, 'Customer358', '053-9707727', 'customer35865@example.com', 'Address 358'), (359, 'Customer359', '053-5170088', 'customer35942@example.com', 'Address 359'), (360, 'Customer360', '058-2203455', 'customer36066@testmail.com', 'Address 360'), (361, 'Customer361', '051-1063498', 'customer361131@example.com', 'Address 361'), (362, 'Customer362', '056-4363961', 'customer362129@example.com', 'Address 362'), (363, 'Customer363', '055-5860019', 'customer363625@example.com', 'Address 363'), (364, 'Customer364', '058-5466579', 'customer364305@mail.org', 'Address 364'), (365, 'Customer365', '052-9230963', 'customer365117@mail.org', 'Address 365'), (366, 'Customer366', '052-2800752', 'customer366573@mail.org', 'Address 366'), (367, 'Customer367', '056-9976574', 'customer367813@mail.org', 'Address 367'), (368, 'Customer368', '050-6261122', 'customer368576@mail.org', 'Address 368'), (369, 'Customer369', '051-6235161', 'customer369300@testmail.com', 'Address 369'), (370, 'Customer370', '058-2216245', 'customer370495@example.com', 'Address 370'), (371, 'Customer371', '058-8991306', 'customer371922@mail.org', 'Address 371'), (372, 'Customer372', '058-9945133', 'customer372775@testmail.com', 'Address 372'), (373, 'Customer373', '050-2763662', 'customer373379@testmail.com', 'Address 373'), (374, 'Customer374', '057-3740791', 'customer37469@mail.org', 'Address 374'), (375, 'Customer375', '050-1256407', 'customer375423@mail.org', 'Address 375'), (376, 'Customer376', '057-7561733', 'customer376181@example.com', 'Address 376'), (377, 'Customer377', '053-4176408', 'customer377378@testmail.com', 'Address 377'), (378, 'Customer378', '050-7728264', 'customer378845@testmail.com', 'Address 378'), (379, 'Customer379', '059-4962913', 'customer37923@example.com', 'Address 379'), (380, 'Customer380', '058-8755446', 'customer380502@mail.org', 'Address 380'), (381, 'Customer381', '058-6487771', 'customer381219@mail.org', 'Address 381'), (382, 'Customer382', '055-5340474', 'customer38251@mail.org', 'Address 382'), (383, 'Customer383', '058-6080523', 'customer383447@testmail.com', 'Address 383'), (384, 'Customer384', '050-6595164', 'customer38464@example.com', 'Address 384'), (385, 'Customer385', '057-3150713', 'customer385337@testmail.com', 'Address 385'), (386, 'Customer386', '050-7368336', 'customer386746@testmail.com', 'Address 386'), (387, 'Customer387', '050-8261278', 'customer387390@mail.org', 'Address 387'), (388, 'Customer388', '056-3104284', 'customer388522@testmail.com', 'Address 388'), (389, 'Customer389', '053-7877776', 'customer389134@example.com', 'Address 389'), (390, 'Customer390', '058-3579079', 'customer390585@testmail.com', 'Address 390'), (391, 'Customer391', '056-4605509', 'customer391687@mail.org', 'Address 391'), (392, 'Customer392', '054-9667652', 'customer39277@testmail.com', 'Address 392'), (393, 'Customer393', '057-3106901', 'customer393452@mail.org', 'Address 393'), (394, 'Customer394', '055-7230613', 'customer394480@mail.org', 'Address 394'), (395, 'Customer395', '059-6089973', 'customer39545@testmail.com', 'Address 395'), (396, 'Customer396', '051-9791748', 'customer396668@mail.org', 'Address 396'), (397, 'Customer397', '054-4114040', 'customer397671@testmail.com', 'Address 397'), (398, 'Customer398', '051-6698051', 'customer398897@mail.org', 'Address 398'), (399, 'Customer399', '055-1338682', 'customer399707@example.com', 'Address 399'), (400, 'Customer400', '053-3703005', 'customer400957@testmail.com', 'Address 400');
INSERT INTO Dishes (DishID, DishName, Description, Price, Category) VALUES (1, 'Dish1', 'Description of Dish 1', 10.17, 'Category5'), (2, 'Dish2', 'Description of Dish 2', 21.82, 'Category4'), (3, 'Dish3', 'Description of Dish 3', 25.8, 'Category2'), (4, 'Dish4', 'Description of Dish 4', 64.71, 'Category3'), (5, 'Dish5', 'Description of Dish 5', 68.38, 'Category1'), (6, 'Dish6', 'Description of Dish 6', 71.51, 'Category1'), (7, 'Dish7', 'Description of Dish 7', 50.45, 'Category1'), (8, 'Dish8', 'Description of Dish 8', 45.94, 'Category4'), (9, 'Dish9', 'Description of Dish 9', 58.18, 'Category1'), (10, 'Dish10', 'Description of Dish 10', 26.51, 'Category3'), (11, 'Dish11', 'Description of Dish 11', 49.49, 'Category4'), (12, 'Dish12', 'Description of Dish 12', 37.85, 'Category4'), (13, 'Dish13', 'Description of Dish 13', 15.26, 'Category3'), (14, 'Dish14', 'Description of Dish 14', 15.76, 'Category3'), (15, 'Dish15', 'Description of Dish 15', 92.83, 'Category2'), (16, 'Dish16', 'Description of Dish 16', 48.07, 'Category2'), (17, 'Dish17', 'Description of Dish 17', 53.95, 'Category4'), (18, 'Dish18', 'Description of Dish 18', 81.25, 'Category1'), (19, 'Dish19', 'Description of Dish 19', 37.35, 'Category3'), (20, 'Dish20', 'Description of Dish 20', 84.92, 'Category5'), (21, 'Dish21', 'Description of Dish 21', 84.62, 'Category2'), (22, 'Dish22', 'Description of Dish 22', 58.36, 'Category3'), (23, 'Dish23', 'Description of Dish 23', 84.76, 'Category2'), (24, 'Dish24', 'Description of Dish 24', 14.08, 'Category3'), (25, 'Dish25', 'Description of Dish 25', 84.34, 'Category2'), (26, 'Dish26', 'Description of Dish 26', 86.4, 'Category5'), (27, 'Dish27', 'Description of Dish 27', 92.52, 'Category4'), (28, 'Dish28', 'Description of Dish 28', 21.35, 'Category1'), (29, 'Dish29', 'Description of Dish 29', 91.79, 'Category4'), (30, 'Dish30', 'Description of Dish 30', 26.85, 'Category4'), (31, 'Dish31', 'Description of Dish 31', 94.51, 'Category2'), (32, 'Dish32', 'Description of Dish 32', 44.19, 'Category3'), (33, 'Dish33', 'Description of Dish 33', 24.49, 'Category3'), (34, 'Dish34', 'Description of Dish 34', 29.55, 'Category2'), (35, 'Dish35', 'Description of Dish 35', 41.32, 'Category3'), (36, 'Dish36', 'Description of Dish 36', 83.64, 'Category4'), (37, 'Dish37', 'Description of Dish 37', 44.82, 'Category1'), (38, 'Dish38', 'Description of Dish 38', 44.85, 'Category4'), (39, 'Dish39', 'Description of Dish 39', 78.41, 'Category4'), (40, 'Dish40', 'Description of Dish 40', 60.34, 'Category3'), (41, 'Dish41', 'Description of Dish 41', 10.12, 'Category2'), (42, 'Dish42', 'Description of Dish 42', 22.3, 'Category4'), (43, 'Dish43', 'Description of Dish 43', 28.06, 'Category2'), (44, 'Dish44', 'Description of Dish 44', 80.09, 'Category5'), (45, 'Dish45', 'Description of Dish 45', 88.72, 'Category3'), (46, 'Dish46', 'Description of Dish 46', 42.36, 'Category2'), (47, 'Dish47', 'Description of Dish 47', 52.88, 'Category1'), (48, 'Dish48', 'Description of Dish 48', 29.47, 'Category5'), (49, 'Dish49', 'Description of Dish 49', 10.68, 'Category4'), (50, 'Dish50', 'Description of Dish 50', 94.74, 'Category5'), (51, 'Dish51', 'Description of Dish 51', 83.93, 'Category1'), (52, 'Dish52', 'Description of Dish 52', 40.54, 'Category5'), (53, 'Dish53', 'Description of Dish 53', 15.57, 'Category2'), (54, 'Dish54', 'Description of Dish 54', 86.18, 'Category4'), (55, 'Dish55', 'Description of Dish 55', 34.09, 'Category4'), (56, 'Dish56', 'Description of Dish 56', 36.0, 'Category3'), (57, 'Dish57', 'Description of Dish 57', 79.77, 'Category3'), (58, 'Dish58', 'Description of Dish 58', 47.74, 'Category3'), (59, 'Dish59', 'Description of Dish 59', 99.05, 'Category5'), (60, 'Dish60', 'Description of Dish 60', 26.0, 'Category3'), (61, 'Dish61', 'Description of Dish 61', 80.22, 'Category2'), (62, 'Dish62', 'Description of Dish 62', 68.72, 'Category4'), (63, 'Dish63', 'Description of Dish 63', 23.57, 'Category4'), (64, 'Dish64', 'Description of Dish 64', 55.77, 'Category2'), (65, 'Dish65', 'Description of Dish 65', 25.11, 'Category2'), (66, 'Dish66', 'Description of Dish 66', 80.88, 'Category5'), (67, 'Dish67', 'Description of Dish 67', 37.89, 'Category5'), (68, 'Dish68', 'Description of Dish 68', 46.79, 'Category2'), (69, 'Dish69', 'Description of Dish 69', 70.86, 'Category1'), (70, 'Dish70', 'Description of Dish 70', 48.2, 'Category5'), (71, 'Dish71', 'Description of Dish 71', 30.38, 'Category2'), (72, 'Dish72', 'Description of Dish 72', 87.19, 'Category1'), (73, 'Dish73', 'Description of Dish 73', 64.28, 'Category1'), (74, 'Dish74', 'Description of Dish 74', 99.66, 'Category3'), (75, 'Dish75', 'Description of Dish 75', 43.66, 'Category3'), (76, 'Dish76', 'Description of Dish 76', 34.32, 'Category3'), (77, 'Dish77', 'Description of Dish 77', 50.98, 'Category4'), (78, 'Dish78', 'Description of Dish 78', 37.93, 'Category5'), (79, 'Dish79', 'Description of Dish 79', 69.46, 'Category3'), (80, 'Dish80', 'Description of Dish 80', 90.31, 'Category5'), (81, 'Dish81', 'Description of Dish 81', 17.77, 'Category2'), (82, 'Dish82', 'Description of Dish 82', 99.51, 'Category5'), (83, 'Dish83', 'Description of Dish 83', 64.61, 'Category5'), (84, 'Dish84', 'Description of Dish 84', 57.5, 'Category2'), (85, 'Dish85', 'Description of Dish 85', 11.98, 'Category5'), (86, 'Dish86', 'Description of Dish 86', 22.94, 'Category3'), (87, 'Dish87', 'Description of Dish 87', 60.94, 'Category2'), (88, 'Dish88', 'Description of Dish 88', 57.61, 'Category4'), (89, 'Dish89', 'Description of Dish 89', 44.17, 'Category4'), (90, 'Dish90', 'Description of Dish 90', 50.15, 'Category4'), (91, 'Dish91', 'Description of Dish 91', 20.19, 'Category4'), (92, 'Dish92', 'Description of Dish 92', 15.73, 'Category2'), (93, 'Dish93', 'Description of Dish 93', 71.28, 'Category5'), (94, 'Dish94', 'Description of Dish 94', 96.83, 'Category1'), (95, 'Dish95', 'Description of Dish 95', 74.21, 'Category5'), (96, 'Dish96', 'Description of Dish 96', 32.21, 'Category1'), (97, 'Dish97', 'Description of Dish 97', 45.51, 'Category2'), (98, 'Dish98', 'Description of Dish 98', 45.1, 'Category3'), (99, 'Dish99', 'Description of Dish 99', 73.46, 'Category2'), (100, 'Dish100', 'Description of Dish 100', 36.43, 'Category3'), (101, 'Dish101', 'Description of Dish 101', 78.92, 'Category3'), (102, 'Dish102', 'Description of Dish 102', 21.42, 'Category4'), (103, 'Dish103', 'Description of Dish 103', 44.83, 'Category2'), (104, 'Dish104', 'Description of Dish 104', 30.82, 'Category5'), (105, 'Dish105', 'Description of Dish 105', 55.02, 'Category5'), (106, 'Dish106', 'Description of Dish 106', 55.05, 'Category1'), (107, 'Dish107', 'Description of Dish 107', 37.24, 'Category1'), (108, 'Dish108', 'Description of Dish 108', 16.17, 'Category3'), (109, 'Dish109', 'Description of Dish 109', 30.37, 'Category5'), (110, 'Dish110', 'Description of Dish 110', 58.78, 'Category4'), (111, 'Dish111', 'Description of Dish 111', 71.04, 'Category5'), (112, 'Dish112', 'Description of Dish 112', 49.93, 'Category3'), (113, 'Dish113', 'Description of Dish 113', 18.57, 'Category1'), (114, 'Dish114', 'Description of Dish 114', 93.94, 'Category1'), (115, 'Dish115', 'Description of Dish 115', 28.93, 'Category5'), (116, 'Dish116', 'Description of Dish 116', 38.5, 'Category3'), (117, 'Dish117', 'Description of Dish 117', 53.16, 'Category4'), (118, 'Dish118', 'Description of Dish 118', 79.4, 'Category1'), (119, 'Dish119', 'Description of Dish 119', 27.7, 'Category2'), (120, 'Dish120', 'Description of Dish 120', 79.64, 'Category2'), (121, 'Dish121', 'Description of Dish 121', 83.06, 'Category4'), (122, 'Dish122', 'Description of Dish 122', 93.6, 'Category1'), (123, 'Dish123', 'Description of Dish 123', 14.79, 'Category3'), (124, 'Dish124', 'Description of Dish 124', 34.98, 'Category3'), (125, 'Dish125', 'Description of Dish 125', 64.01, 'Category4'), (126, 'Dish126', 'Description of Dish 126', 40.95, 'Category1'), (127, 'Dish127', 'Description of Dish 127', 69.57, 'Category1'), (128, 'Dish128', 'Description of Dish 128', 89.19, 'Category2'), (129, 'Dish129', 'Description of Dish 129', 18.7, 'Category2'), (130, 'Dish130', 'Description of Dish 130', 93.26, 'Category4'), (131, 'Dish131', 'Description of Dish 131', 27.22, 'Category1'), (132, 'Dish132', 'Description of Dish 132', 89.39, 'Category4'), (133, 'Dish133', 'Description of Dish 133', 81.02, 'Category4'), (134, 'Dish134', 'Description of Dish 134', 90.98, 'Category3'), (135, 'Dish135', 'Description of Dish 135', 33.0, 'Category4'), (136, 'Dish136', 'Description of Dish 136', 59.42, 'Category4'), (137, 'Dish137', 'Description of Dish 137', 35.03, 'Category2'), (138, 'Dish138', 'Description of Dish 138', 12.63, 'Category1'), (139, 'Dish139', 'Description of Dish 139', 97.12, 'Category3'), (140, 'Dish140', 'Description of Dish 140', 52.84, 'Category3'), (141, 'Dish141', 'Description of Dish 141', 41.56, 'Category1'), (142, 'Dish142', 'Description of Dish 142', 84.12, 'Category2'), (143, 'Dish143', 'Description of Dish 143', 92.92, 'Category5'), (144, 'Dish144', 'Description of Dish 144', 29.08, 'Category1'), (145, 'Dish145', 'Description of Dish 145', 74.28, 'Category4'), (146, 'Dish146', 'Description of Dish 146', 59.39, 'Category5'), (147, 'Dish147', 'Description of Dish 147', 60.43, 'Category5'), (148, 'Dish148', 'Description of Dish 148', 49.2, 'Category2'), (149, 'Dish149', 'Description of Dish 149', 80.92, 'Category1'), (150, 'Dish150', 'Description of Dish 150', 46.06, 'Category1'), (151, 'Dish151', 'Description of Dish 151', 89.02, 'Category4'), (152, 'Dish152', 'Description of Dish 152', 31.58, 'Category1'), (153, 'Dish153', 'Description of Dish 153', 70.82, 'Category5'), (154, 'Dish154', 'Description of Dish 154', 86.57, 'Category1'), (155, 'Dish155', 'Description of Dish 155', 63.63, 'Category5'), (156, 'Dish156', 'Description of Dish 156', 22.08, 'Category3'), (157, 'Dish157', 'Description of Dish 157', 69.25, 'Category1'), (158, 'Dish158', 'Description of Dish 158', 62.84, 'Category2'), (159, 'Dish159', 'Description of Dish 159', 70.39, 'Category4'), (160, 'Dish160', 'Description of Dish 160', 26.41, 'Category4'), (161, 'Dish161', 'Description of Dish 161', 84.21, 'Category1'), (162, 'Dish162', 'Description of Dish 162', 47.41, 'Category3'), (163, 'Dish163', 'Description of Dish 163', 34.45, 'Category1'), (164, 'Dish164', 'Description of Dish 164', 29.24, 'Category5'), (165, 'Dish165', 'Description of Dish 165', 72.4, 'Category5'), (166, 'Dish166', 'Description of Dish 166', 12.03, 'Category1'), (167, 'Dish167', 'Description of Dish 167', 19.2, 'Category2'), (168, 'Dish168', 'Description of Dish 168', 25.51, 'Category4'), (169, 'Dish169', 'Description of Dish 169', 87.84, 'Category4'), (170, 'Dish170', 'Description of Dish 170', 74.92, 'Category5'), (171, 'Dish171', 'Description of Dish 171', 79.48, 'Category1'), (172, 'Dish172', 'Description of Dish 172', 51.32, 'Category1'), (173, 'Dish173', 'Description of Dish 173', 43.59, 'Category5'), (174, 'Dish174', 'Description of Dish 174', 96.83, 'Category4'), (175, 'Dish175', 'Description of Dish 175', 17.74, 'Category4'), (176, 'Dish176', 'Description of Dish 176', 89.05, 'Category5'), (177, 'Dish177', 'Description of Dish 177', 86.62, 'Category2'), (178, 'Dish178', 'Description of Dish 178', 13.91, 'Category4'), (179, 'Dish179', 'Description of Dish 179', 42.37, 'Category1'), (180, 'Dish180', 'Description of Dish 180', 49.85, 'Category4'), (181, 'Dish181', 'Description of Dish 181', 74.56, 'Category5'), (182, 'Dish182', 'Description of Dish 182', 50.44, 'Category5'), (183, 'Dish183', 'Description of Dish 183', 77.52, 'Category5'), (184, 'Dish184', 'Description of Dish 184', 32.0, 'Category1'), (185, 'Dish185', 'Description of Dish 185', 25.44, 'Category2'), (186, 'Dish186', 'Description of Dish 186', 61.65, 'Category4'), (187, 'Dish187', 'Description of Dish 187', 52.67, 'Category1'), (188, 'Dish188', 'Description of Dish 188', 14.54, 'Category2'), (189, 'Dish189', 'Description of Dish 189', 86.35, 'Category3'), (190, 'Dish190', 'Description of Dish 190', 65.07, 'Category2'), (191, 'Dish191', 'Description of Dish 191', 95.1, 'Category5'), (192, 'Dish192', 'Description of Dish 192', 56.37, 'Category1'), (193, 'Dish193', 'Description of Dish 193', 21.8, 'Category1'), (194, 'Dish194', 'Description of Dish 194', 49.38, 'Category1'), (195, 'Dish195', 'Description of Dish 195', 24.58, 'Category1'), (196, 'Dish196', 'Description of Dish 196', 75.97, 'Category1'), (197, 'Dish197', 'Description of Dish 197', 43.97, 'Category5'), (198, 'Dish198', 'Description of Dish 198', 72.05, 'Category4'), (199, 'Dish199', 'Description of Dish 199', 39.99, 'Category2'), (200, 'Dish200', 'Description of Dish 200', 76.53, 'Category4'), (201, 'Dish201', 'Description of Dish 201', 62.54, 'Category5'), (202, 'Dish202', 'Description of Dish 202', 11.21, 'Category3'), (203, 'Dish203', 'Description of Dish 203', 82.54, 'Category2'), (204, 'Dish204', 'Description of Dish 204', 38.46, 'Category1'), (205, 'Dish205', 'Description of Dish 205', 32.18, 'Category2'), (206, 'Dish206', 'Description of Dish 206', 35.81, 'Category2'), (207, 'Dish207', 'Description of Dish 207', 90.41, 'Category4'), (208, 'Dish208', 'Description of Dish 208', 25.69, 'Category3'), (209, 'Dish209', 'Description of Dish 209', 70.73, 'Category5'), (210, 'Dish210', 'Description of Dish 210', 91.71, 'Category4'), (211, 'Dish211', 'Description of Dish 211', 33.72, 'Category4'), (212, 'Dish212', 'Description of Dish 212', 86.15, 'Category5'), (213, 'Dish213', 'Description of Dish 213', 96.17, 'Category3'), (214, 'Dish214', 'Description of Dish 214', 63.87, 'Category3'), (215, 'Dish215', 'Description of Dish 215', 24.21, 'Category5'), (216, 'Dish216', 'Description of Dish 216', 87.47, 'Category5'), (217, 'Dish217', 'Description of Dish 217', 52.49, 'Category3'), (218, 'Dish218', 'Description of Dish 218', 29.91, 'Category4'), (219, 'Dish219', 'Description of Dish 219', 76.74, 'Category2'), (220, 'Dish220', 'Description of Dish 220', 70.17, 'Category4'), (221, 'Dish221', 'Description of Dish 221', 36.65, 'Category5'), (222, 'Dish222', 'Description of Dish 222', 26.6, 'Category5'), (223, 'Dish223', 'Description of Dish 223', 79.46, 'Category5'), (224, 'Dish224', 'Description of Dish 224', 10.68, 'Category4'), (225, 'Dish225', 'Description of Dish 225', 20.29, 'Category2'), (226, 'Dish226', 'Description of Dish 226', 26.8, 'Category3'), (227, 'Dish227', 'Description of Dish 227', 26.93, 'Category5'), (228, 'Dish228', 'Description of Dish 228', 63.66, 'Category4'), (229, 'Dish229', 'Description of Dish 229', 62.34, 'Category4'), (230, 'Dish230', 'Description of Dish 230', 10.04, 'Category4'), (231, 'Dish231', 'Description of Dish 231', 10.44, 'Category3'), (232, 'Dish232', 'Description of Dish 232', 97.22, 'Category3'), (233, 'Dish233', 'Description of Dish 233', 37.36, 'Category4'), (234, 'Dish234', 'Description of Dish 234', 12.12, 'Category2'), (235, 'Dish235', 'Description of Dish 235', 68.89, 'Category2'), (236, 'Dish236', 'Description of Dish 236', 61.01, 'Category4'), (237, 'Dish237', 'Description of Dish 237', 15.21, 'Category1'), (238, 'Dish238', 'Description of Dish 238', 16.64, 'Category3'), (239, 'Dish239', 'Description of Dish 239', 18.29, 'Category3'), (240, 'Dish240', 'Description of Dish 240', 55.65, 'Category3'), (241, 'Dish241', 'Description of Dish 241', 93.09, 'Category5'), (242, 'Dish242', 'Description of Dish 242', 48.05, 'Category3'), (243, 'Dish243', 'Description of Dish 243', 70.47, 'Category3'), (244, 'Dish244', 'Description of Dish 244', 84.12, 'Category3'), (245, 'Dish245', 'Description of Dish 245', 47.87, 'Category1'), (246, 'Dish246', 'Description of Dish 246', 84.53, 'Category4'), (247, 'Dish247', 'Description of Dish 247', 12.89, 'Category1'), (248, 'Dish248', 'Description of Dish 248', 32.49, 'Category3'), (249, 'Dish249', 'Description of Dish 249', 61.02, 'Category2'), (250, 'Dish250', 'Description of Dish 250', 27.11, 'Category3'), (251, 'Dish251', 'Description of Dish 251', 94.95, 'Category4'), (252, 'Dish252', 'Description of Dish 252', 69.89, 'Category2'), (253, 'Dish253', 'Description of Dish 253', 38.62, 'Category2'), (254, 'Dish254', 'Description of Dish 254', 48.78, 'Category5'), (255, 'Dish255', 'Description of Dish 255', 19.43, 'Category2'), (256, 'Dish256', 'Description of Dish 256', 77.02, 'Category2'), (257, 'Dish257', 'Description of Dish 257', 21.29, 'Category3'), (258, 'Dish258', 'Description of Dish 258', 39.41, 'Category5'), (259, 'Dish259', 'Description of Dish 259', 74.71, 'Category5'), (260, 'Dish260', 'Description of Dish 260', 92.36, 'Category2'), (261, 'Dish261', 'Description of Dish 261', 52.43, 'Category2'), (262, 'Dish262', 'Description of Dish 262', 60.51, 'Category3'), (263, 'Dish263', 'Description of Dish 263', 60.5, 'Category4'), (264, 'Dish264', 'Description of Dish 264', 58.25, 'Category4'), (265, 'Dish265', 'Description of Dish 265', 21.38, 'Category2'), (266, 'Dish266', 'Description of Dish 266', 54.77, 'Category5'), (267, 'Dish267', 'Description of Dish 267', 52.79, 'Category1'), (268, 'Dish268', 'Description of Dish 268', 89.89, 'Category1'), (269, 'Dish269', 'Description of Dish 269', 43.88, 'Category5'), (270, 'Dish270', 'Description of Dish 270', 89.16, 'Category3'), (271, 'Dish271', 'Description of Dish 271', 10.71, 'Category4'), (272, 'Dish272', 'Description of Dish 272', 32.24, 'Category4'), (273, 'Dish273', 'Description of Dish 273', 11.51, 'Category3'), (274, 'Dish274', 'Description of Dish 274', 17.96, 'Category3'), (275, 'Dish275', 'Description of Dish 275', 10.62, 'Category5'), (276, 'Dish276', 'Description of Dish 276', 60.02, 'Category4'), (277, 'Dish277', 'Description of Dish 277', 47.02, 'Category4'), (278, 'Dish278', 'Description of Dish 278', 83.34, 'Category4'), (279, 'Dish279', 'Description of Dish 279', 89.16, 'Category4'), (280, 'Dish280', 'Description of Dish 280', 65.42, 'Category2'), (281, 'Dish281', 'Description of Dish 281', 55.96, 'Category5'), (282, 'Dish282', 'Description of Dish 282', 74.02, 'Category5'), (283, 'Dish283', 'Description of Dish 283', 51.07, 'Category3'), (284, 'Dish284', 'Description of Dish 284', 65.6, 'Category4'), (285, 'Dish285', 'Description of Dish 285', 35.02, 'Category3'), (286, 'Dish286', 'Description of Dish 286', 74.95, 'Category3'), (287, 'Dish287', 'Description of Dish 287', 42.59, 'Category1'), (288, 'Dish288', 'Description of Dish 288', 71.8, 'Category2'), (289, 'Dish289', 'Description of Dish 289', 83.8, 'Category3'), (290, 'Dish290', 'Description of Dish 290', 88.05, 'Category1'), (291, 'Dish291', 'Description of Dish 291', 30.05, 'Category5'), (292, 'Dish292', 'Description of Dish 292', 13.85, 'Category2'), (293, 'Dish293', 'Description of Dish 293', 50.69, 'Category2'), (294, 'Dish294', 'Description of Dish 294', 27.88, 'Category3'), (295, 'Dish295', 'Description of Dish 295', 19.17, 'Category3'), (296, 'Dish296', 'Description of Dish 296', 24.98, 'Category5'), (297, 'Dish297', 'Description of Dish 297', 75.45, 'Category5'), (298, 'Dish298', 'Description of Dish 298', 12.34, 'Category3'), (299, 'Dish299', 'Description of Dish 299', 48.15, 'Category3'), (300, 'Dish300', 'Description of Dish 300', 27.67, 'Category4'), (301, 'Dish301', 'Description of Dish 301', 89.4, 'Category1'), (302, 'Dish302', 'Description of Dish 302', 33.37, 'Category3'), (303, 'Dish303', 'Description of Dish 303', 77.0, 'Category2'), (304, 'Dish304', 'Description of Dish 304', 62.14, 'Category2'), (305, 'Dish305', 'Description of Dish 305', 24.82, 'Category4'), (306, 'Dish306', 'Description of Dish 306', 74.38, 'Category5'), (307, 'Dish307', 'Description of Dish 307', 50.98, 'Category2'), (308, 'Dish308', 'Description of Dish 308', 67.3, 'Category3'), (309, 'Dish309', 'Description of Dish 309', 38.64, 'Category5'), (310, 'Dish310', 'Description of Dish 310', 34.44, 'Category5'), (311, 'Dish311', 'Description of Dish 311', 54.6, 'Category4'), (312, 'Dish312', 'Description of Dish 312', 90.18, 'Category1'), (313, 'Dish313', 'Description of Dish 313', 13.5, 'Category3'), (314, 'Dish314', 'Description of Dish 314', 79.84, 'Category3'), (315, 'Dish315', 'Description of Dish 315', 83.32, 'Category2'), (316, 'Dish316', 'Description of Dish 316', 26.37, 'Category3'), (317, 'Dish317', 'Description of Dish 317', 69.18, 'Category4'), (318, 'Dish318', 'Description of Dish 318', 74.43, 'Category1'), (319, 'Dish319', 'Description of Dish 319', 21.05, 'Category5'), (320, 'Dish320', 'Description of Dish 320', 82.36, 'Category2'), (321, 'Dish321', 'Description of Dish 321', 45.2, 'Category4'), (322, 'Dish322', 'Description of Dish 322', 64.59, 'Category3'), (323, 'Dish323', 'Description of Dish 323', 80.81, 'Category5'), (324, 'Dish324', 'Description of Dish 324', 38.83, 'Category5'), (325, 'Dish325', 'Description of Dish 325', 24.3, 'Category2'), (326, 'Dish326', 'Description of Dish 326', 11.77, 'Category2'), (327, 'Dish327', 'Description of Dish 327', 77.66, 'Category3'), (328, 'Dish328', 'Description of Dish 328', 28.03, 'Category3'), (329, 'Dish329', 'Description of Dish 329', 97.52, 'Category2'), (330, 'Dish330', 'Description of Dish 330', 86.88, 'Category1'), (331, 'Dish331', 'Description of Dish 331', 59.54, 'Category4'), (332, 'Dish332', 'Description of Dish 332', 28.36, 'Category2'), (333, 'Dish333', 'Description of Dish 333', 41.32, 'Category4'), (334, 'Dish334', 'Description of Dish 334', 41.03, 'Category2'), (335, 'Dish335', 'Description of Dish 335', 18.21, 'Category3'), (336, 'Dish336', 'Description of Dish 336', 23.21, 'Category4'), (337, 'Dish337', 'Description of Dish 337', 16.47, 'Category5'), (338, 'Dish338', 'Description of Dish 338', 35.48, 'Category3'), (339, 'Dish339', 'Description of Dish 339', 60.39, 'Category5'), (340, 'Dish340', 'Description of Dish 340', 45.33, 'Category2'), (341, 'Dish341', 'Description of Dish 341', 69.46, 'Category5'), (342, 'Dish342', 'Description of Dish 342', 49.49, 'Category4'), (343, 'Dish343', 'Description of Dish 343', 19.63, 'Category1'), (344, 'Dish344', 'Description of Dish 344', 45.23, 'Category3'), (345, 'Dish345', 'Description of Dish 345', 85.93, 'Category1'), (346, 'Dish346', 'Description of Dish 346', 33.76, 'Category4'), (347, 'Dish347', 'Description of Dish 347', 51.55, 'Category2'), (348, 'Dish348', 'Description of Dish 348', 65.54, 'Category5'), (349, 'Dish349', 'Description of Dish 349', 13.57, 'Category1'), (350, 'Dish350', 'Description of Dish 350', 33.79, 'Category2'), (351, 'Dish351', 'Description of Dish 351', 13.85, 'Category5'), (352, 'Dish352', 'Description of Dish 352', 43.14, 'Category1'), (353, 'Dish353', 'Description of Dish 353', 50.6, 'Category1'), (354, 'Dish354', 'Description of Dish 354', 65.63, 'Category5'), (355, 'Dish355', 'Description of Dish 355', 92.0, 'Category4'), (356, 'Dish356', 'Description of Dish 356', 40.12, 'Category4'), (357, 'Dish357', 'Description of Dish 357', 23.88, 'Category2'), (358, 'Dish358', 'Description of Dish 358', 23.19, 'Category2'), (359, 'Dish359', 'Description of Dish 359', 94.72, 'Category1'), (360, 'Dish360', 'Description of Dish 360', 48.42, 'Category3'), (361, 'Dish361', 'Description of Dish 361', 57.2, 'Category1'), (362, 'Dish362', 'Description of Dish 362', 60.09, 'Category4'), (363, 'Dish363', 'Description of Dish 363', 73.77, 'Category2'), (364, 'Dish364', 'Description of Dish 364', 32.77, 'Category1'), (365, 'Dish365', 'Description of Dish 365', 14.1, 'Category5'), (366, 'Dish366', 'Description of Dish 366', 71.14, 'Category3'), (367, 'Dish367', 'Description of Dish 367', 49.47, 'Category4'), (368, 'Dish368', 'Description of Dish 368', 36.16, 'Category4'), (369, 'Dish369', 'Description of Dish 369', 24.45, 'Category5'), (370, 'Dish370', 'Description of Dish 370', 42.71, 'Category1'), (371, 'Dish371', 'Description of Dish 371', 48.27, 'Category5'), (372, 'Dish372', 'Description of Dish 372', 78.79, 'Category2'), (373, 'Dish373', 'Description of Dish 373', 99.28, 'Category4'), (374, 'Dish374', 'Description of Dish 374', 37.72, 'Category2'), (375, 'Dish375', 'Description of Dish 375', 53.0, 'Category3'), (376, 'Dish376', 'Description of Dish 376', 47.59, 'Category2'), (377, 'Dish377', 'Description of Dish 377', 36.87, 'Category1'), (378, 'Dish378', 'Description of Dish 378', 23.38, 'Category3'), (379, 'Dish379', 'Description of Dish 379', 78.28, 'Category4'), (380, 'Dish380', 'Description of Dish 380', 66.59, 'Category2'), (381, 'Dish381', 'Description of Dish 381', 77.05, 'Category2'), (382, 'Dish382', 'Description of Dish 382', 99.94, 'Category5'), (383, 'Dish383', 'Description of Dish 383', 56.61, 'Category3'), (384, 'Dish384', 'Description of Dish 384', 66.98, 'Category5'), (385, 'Dish385', 'Description of Dish 385', 78.01, 'Category5'), (386, 'Dish386', 'Description of Dish 386', 77.95, 'Category2'), (387, 'Dish387', 'Description of Dish 387', 46.28, 'Category1'), (388, 'Dish388', 'Description of Dish 388', 90.74, 'Category3'), (389, 'Dish389', 'Description of Dish 389', 70.44, 'Category2'), (390, 'Dish390', 'Description of Dish 390', 56.51, 'Category2'), (391, 'Dish391', 'Description of Dish 391', 49.24, 'Category1'), (392, 'Dish392', 'Description of Dish 392', 46.65, 'Category2'), (393, 'Dish393', 'Description of Dish 393', 20.34, 'Category1'), (394, 'Dish394', 'Description of Dish 394', 69.97, 'Category1'), (395, 'Dish395', 'Description of Dish 395', 48.06, 'Category5'), (396, 'Dish396', 'Description of Dish 396', 81.21, 'Category3'), (397, 'Dish397', 'Description of Dish 397', 72.55, 'Category1'), (398, 'Dish398', 'Description of Dish 398', 58.36, 'Category3'), (399, 'Dish399', 'Description of Dish 399', 37.67, 'Category2'), (400, 'Dish400', 'Description of Dish 400', 81.97, 'Category1');
INSERT INTO Delivers (DeliveryID, DeliveryDate, DeliveryStatus, CourierName) VALUES (1, '2024-01-08', 'Status3', 'Courier8'), (2, '2023-03-12', 'Status3', 'Courier4'), (3, '2024-09-26', 'Status3', 'Courier5'), (4, '2023-10-29', 'Status2', 'Courier1'), (5, '2024-09-02', 'Status2', 'Courier8'), (6, '2025-05-27', 'Status3', 'Courier4'), (7, '2023-05-27', 'Status2', 'Courier7'), (8, '2023-04-21', 'Status1', 'Courier1'), (9, '2025-10-03', 'Status2', 'Courier9'), (10, '2025-04-29', 'Status1', 'Courier6'), (11, '2025-03-29', 'Status3', 'Courier10'), (12, '2025-08-31', 'Status2', 'Courier7'), (13, '2023-10-19', 'Status2', 'Courier3'), (14, '2024-11-04', 'Status1', 'Courier7'), (15, '2023-05-23', 'Status2', 'Courier8'), (16, '2024-10-22', 'Status3', 'Courier5'), (17, '2024-10-01', 'Status2', 'Courier2'), (18, '2023-09-26', 'Status2', 'Courier4'), (19, '2024-09-03', 'Status1', 'Courier5'), (20, '2025-10-22', 'Status3', 'Courier8'), (21, '2024-03-26', 'Status2', 'Courier1'), (22, '2024-07-07', 'Status1', 'Courier9'), (23, '2024-10-11', 'Status1', 'Courier10'), (24, '2023-11-01', 'Status3', 'Courier6'), (25, '2025-05-01', 'Status3', 'Courier4'), (26, '2023-04-08', 'Status3', 'Courier8'), (27, '2023-04-10', 'Status3', 'Courier1'), (28, '2023-06-24', 'Status2', 'Courier8'), (29, '2023-04-06', 'Status2', 'Courier7'), (30, '2025-05-28', 'Status2', 'Courier5'), (31, '2023-09-30', 'Status2', 'Courier7'), (32, '2025-06-28', 'Status1', 'Courier2'), (33, '2024-09-26', 'Status3', 'Courier6'), (34, '2024-10-13', 'Status2', 'Courier10'), (35, '2023-08-05', 'Status1', 'Courier6'), (36, '2024-01-02', 'Status1', 'Courier4'), (37, '2025-04-08', 'Status3', 'Courier2'), (38, '2025-03-18', 'Status3', 'Courier1'), (39, '2025-05-02', 'Status2', 'Courier8'), (40, '2025-05-12', 'Status2', 'Courier2'), (41, '2024-12-09', 'Status3', 'Courier10'), (42, '2025-02-04', 'Status2', 'Courier9'), (43, '2024-12-06', 'Status3', 'Courier9'), (44, '2024-10-31', 'Status1', 'Courier1'), (45, '2023-08-07', 'Status1', 'Courier2'), (46, '2023-01-30', 'Status2', 'Courier1'), (47, '2025-12-25', 'Status1', 'Courier1'), (48, '2023-07-14', 'Status2', 'Courier8'), (49, '2025-06-02', 'Status2', 'Courier8'), (50, '2024-09-02', 'Status1', 'Courier5'), (51, '2025-04-27', 'Status1', 'Courier5'), (52, '2023-10-28', 'Status1', 'Courier7'), (53, '2024-12-01', 'Status1', 'Courier5'), (54, '2025-03-01', 'Status2', 'Courier10'), (55, '2024-12-23', 'Status2', 'Courier9'), (56, '2023-10-08', 'Status3', 'Courier7'), (57, '2023-11-23', 'Status2', 'Courier6'), (58, '2024-06-16', 'Status3', 'Courier2'), (59, '2024-03-09', 'Status3', 'Courier3'), (60, '2023-01-31', 'Status1', 'Courier4'), (61, '2024-06-28', 'Status2', 'Courier3'), (62, '2023-01-06', 'Status2', 'Courier7'), (63, '2023-01-20', 'Status1', 'Courier8'), (64, '2025-09-29', 'Status3', 'Courier3'), (65, '2023-11-09', 'Status2', 'Courier7'), (66, '2024-11-02', 'Status3', 'Courier4'), (67, '2024-08-06', 'Status2', 'Courier6'), (68, '2023-03-13', 'Status2', 'Courier4'), (69, '2023-06-09', 'Status1', 'Courier2'), (70, '2023-05-16', 'Status1', 'Courier7'), (71, '2024-02-25', 'Status1', 'Courier10'), (72, '2023-06-01', 'Status2', 'Courier7'), (73, '2025-04-14', 'Status3', 'Courier3'), (74, '2023-04-15', 'Status1', 'Courier9'), (75, '2024-03-30', 'Status1', 'Courier9'), (76, '2023-03-22', 'Status2', 'Courier10'), (77, '2023-10-19', 'Status1', 'Courier7'), (78, '2025-04-29', 'Status1', 'Courier1'), (79, '2023-11-14', 'Status2', 'Courier8'), (80, '2023-02-11', 'Status1', 'Courier1'), (81, '2025-08-23', 'Status3', 'Courier6'), (82, '2023-02-26', 'Status1', 'Courier2'), (83, '2025-04-23', 'Status3', 'Courier9'), (84, '2024-11-22', 'Status2', 'Courier3'), (85, '2024-10-20', 'Status2', 'Courier8'), (86, '2023-05-14', 'Status1', 'Courier1'), (87, '2024-06-28', 'Status2', 'Courier1'), (88, '2023-09-04', 'Status3', 'Courier5'), (89, '2023-07-16', 'Status2', 'Courier7'), (90, '2025-12-26', 'Status3', 'Courier10'), (91, '2025-09-15', 'Status2', 'Courier3'), (92, '2025-08-23', 'Status3', 'Courier6'), (93, '2024-10-16', 'Status1', 'Courier2'), (94, '2025-09-06', 'Status1', 'Courier7'), (95, '2023-10-04', 'Status2', 'Courier1'), (96, '2025-12-28', 'Status2', 'Courier8'), (97, '2024-08-25', 'Status3', 'Courier2'), (98, '2024-04-24', 'Status3', 'Courier7'), (99, '2024-11-12', 'Status3', 'Courier9'), (100, '2024-10-12', 'Status3', 'Courier6'), (101, '2023-08-22', 'Status3', 'Courier2'), (102, '2025-05-27', 'Status2', 'Courier6'), (103, '2023-11-12', 'Status2', 'Courier10'), (104, '2023-12-13', 'Status3', 'Courier9'), (105, '2024-05-10', 'Status3', 'Courier6'), (106, '2024-05-01', 'Status1', 'Courier2'), (107, '2025-11-01', 'Status2', 'Courier10'), (108, '2025-02-12', 'Status1', 'Courier3'), (109, '2024-10-07', 'Status1', 'Courier6'), (110, '2025-09-16', 'Status1', 'Courier9'), (111, '2025-01-31', 'Status2', 'Courier6'), (112, '2025-05-07', 'Status3', 'Courier9'), (113, '2025-05-23', 'Status3', 'Courier6'), (114, '2024-11-25', 'Status1', 'Courier1'), (115, '2024-10-01', 'Status2', 'Courier5'), (116, '2023-09-18', 'Status3', 'Courier3'), (117, '2024-12-12', 'Status3', 'Courier2'), (118, '2024-09-24', 'Status1', 'Courier2'), (119, '2024-08-06', 'Status2', 'Courier4'), (120, '2023-05-04', 'Status3', 'Courier4'), (121, '2025-03-03', 'Status2', 'Courier3'), (122, '2023-04-24', 'Status2', 'Courier10'), (123, '2024-10-26', 'Status3', 'Courier3'), (124, '2023-07-10', 'Status1', 'Courier6'), (125, '2023-12-28', 'Status1', 'Courier4'), (126, '2025-04-05', 'Status3', 'Courier7'), (127, '2024-03-29', 'Status1', 'Courier6'), (128, '2025-04-29', 'Status3', 'Courier3'), (129, '2024-05-11', 'Status1', 'Courier10'), (130, '2024-02-17', 'Status3', 'Courier2'), (131, '2024-01-21', 'Status3', 'Courier3'), (132, '2025-05-28', 'Status3', 'Courier1'), (133, '2025-11-13', 'Status2', 'Courier9'), (134, '2025-07-23', 'Status2', 'Courier10'), (135, '2023-09-23', 'Status3', 'Courier10'), (136, '2023-06-19', 'Status3', 'Courier8'), (137, '2023-01-03', 'Status3', 'Courier9'), (138, '2024-05-31', 'Status3', 'Courier8'), (139, '2024-03-31', 'Status1', 'Courier7'), (140, '2024-03-27', 'Status1', 'Courier2'), (141, '2023-04-14', 'Status1', 'Courier6'), (142, '2024-01-19', 'Status1', 'Courier4'), (143, '2023-06-04', 'Status1', 'Courier2'), (144, '2025-08-19', 'Status3', 'Courier3'), (145, '2024-05-15', 'Status3', 'Courier5'), (146, '2025-09-23', 'Status3', 'Courier10'), (147, '2023-07-04', 'Status1', 'Courier2'), (148, '2025-08-21', 'Status1', 'Courier5'), (149, '2025-08-18', 'Status3', 'Courier3'), (150, '2023-02-18', 'Status3', 'Courier5'), (151, '2023-07-08', 'Status2', 'Courier1'), (152, '2025-10-11', 'Status2', 'Courier7'), (153, '2025-08-09', 'Status2', 'Courier2'), (154, '2024-02-25', 'Status3', 'Courier6'), (155, '2023-11-19', 'Status1', 'Courier4'), (156, '2023-03-24', 'Status1', 'Courier3'), (157, '2024-04-30', 'Status1', 'Courier8'), (158, '2023-10-05', 'Status2', 'Courier10'), (159, '2023-12-08', 'Status1', 'Courier10'), (160, '2024-04-29', 'Status3', 'Courier9'), (161, '2024-12-24', 'Status2', 'Courier5'), (162, '2024-08-28', 'Status2', 'Courier1'), (163, '2023-11-19', 'Status3', 'Courier8'), (164, '2025-03-24', 'Status3', 'Courier2'), (165, '2024-09-06', 'Status1', 'Courier4'), (166, '2025-06-09', 'Status3', 'Courier8'), (167, '2023-09-13', 'Status2', 'Courier4'), (168, '2024-02-14', 'Status1', 'Courier9'), (169, '2023-08-06', 'Status1', 'Courier6'), (170, '2023-02-11', 'Status2', 'Courier7'), (171, '2024-06-09', 'Status2', 'Courier6'), (172, '2024-12-14', 'Status1', 'Courier4'), (173, '2023-03-31', 'Status3', 'Courier2'), (174, '2025-11-07', 'Status2', 'Courier7'), (175, '2024-04-23', 'Status1', 'Courier8'), (176, '2025-11-09', 'Status1', 'Courier3'), (177, '2024-11-15', 'Status3', 'Courier3'), (178, '2023-09-03', 'Status2', 'Courier7'), (179, '2025-08-28', 'Status1', 'Courier8'), (180, '2023-12-24', 'Status2', 'Courier1'), (181, '2025-05-14', 'Status1', 'Courier5'), (182, '2024-01-15', 'Status3', 'Courier10'), (183, '2024-09-25', 'Status1', 'Courier6'), (184, '2025-01-27', 'Status3', 'Courier4'), (185, '2024-02-20', 'Status3', 'Courier1'), (186, '2023-11-15', 'Status3', 'Courier6'), (187, '2025-08-27', 'Status1', 'Courier2'), (188, '2023-10-27', 'Status1', 'Courier6'), (189, '2023-05-12', 'Status3', 'Courier5'), (190, '2023-03-28', 'Status3', 'Courier1'), (191, '2023-10-18', 'Status1', 'Courier4'), (192, '2025-02-16', 'Status3', 'Courier6'), (193, '2023-01-02', 'Status1', 'Courier10'), (194, '2025-09-18', 'Status3', 'Courier6'), (195, '2023-12-19', 'Status2', 'Courier6'), (196, '2023-03-27', 'Status2', 'Courier1'), (197, '2023-02-23', 'Status2', 'Courier5'), (198, '2024-08-06', 'Status1', 'Courier1'), (199, '2024-01-27', 'Status1', 'Courier10'), (200, '2024-07-08', 'Status1', 'Courier4'), (201, '2025-10-12', 'Status1', 'Courier3'), (202, '2024-05-03', 'Status1', 'Courier8'), (203, '2024-10-30', 'Status3', 'Courier6'), (204, '2025-12-17', 'Status3', 'Courier2'), (205, '2023-03-17', 'Status3', 'Courier5'), (206, '2024-07-16', 'Status3', 'Courier6'), (207, '2024-01-06', 'Status2', 'Courier2'), (208, '2023-01-16', 'Status2', 'Courier7'), (209, '2023-07-13', 'Status1', 'Courier9'), (210, '2024-05-05', 'Status2', 'Courier6'), (211, '2024-08-02', 'Status2', 'Courier4'), (212, '2025-01-19', 'Status3', 'Courier6'), (213, '2025-05-17', 'Status2', 'Courier8'), (214, '2023-01-21', 'Status3', 'Courier8'), (215, '2024-01-14', 'Status1', 'Courier6'), (216, '2024-05-25', 'Status1', 'Courier7'), (217, '2024-05-26', 'Status1', 'Courier3'), (218, '2025-07-23', 'Status2', 'Courier1'), (219, '2025-04-21', 'Status2', 'Courier3'), (220, '2023-08-06', 'Status2', 'Courier7'), (221, '2024-01-19', 'Status2', 'Courier9'), (222, '2025-10-16', 'Status1', 'Courier4'), (223, '2025-01-12', 'Status3', 'Courier5'), (224, '2023-03-23', 'Status3', 'Courier5'), (225, '2024-06-30', 'Status2', 'Courier5'), (226, '2023-08-06', 'Status3', 'Courier7'), (227, '2024-07-04', 'Status2', 'Courier5'), (228, '2023-06-04', 'Status2', 'Courier1'), (229, '2025-03-31', 'Status3', 'Courier3'), (230, '2025-04-18', 'Status2', 'Courier9'), (231, '2024-11-05', 'Status1', 'Courier4'), (232, '2024-12-22', 'Status3', 'Courier8'), (233, '2023-05-06', 'Status3', 'Courier7'), (234, '2024-08-05', 'Status1', 'Courier4'), (235, '2025-11-15', 'Status2', 'Courier10'), (236, '2023-09-11', 'Status3', 'Courier4'), (237, '2024-02-29', 'Status2', 'Courier3'), (238, '2023-12-30', 'Status2', 'Courier9'), (239, '2025-09-27', 'Status3', 'Courier6'), (240, '2024-12-19', 'Status3', 'Courier10'), (241, '2024-01-27', 'Status3', 'Courier2'), (242, '2024-11-02', 'Status1', 'Courier7'), (243, '2025-06-26', 'Status3', 'Courier9'), (244, '2023-11-20', 'Status3', 'Courier6'), (245, '2023-03-18', 'Status3', 'Courier4'), (246, '2023-10-20', 'Status1', 'Courier1'), (247, '2025-11-10', 'Status1', 'Courier10'), (248, '2024-05-05', 'Status3', 'Courier7'), (249, '2024-03-29', 'Status3', 'Courier1'), (250, '2024-09-22', 'Status1', 'Courier5'), (251, '2024-05-08', 'Status2', 'Courier1'), (252, '2024-05-13', 'Status2', 'Courier1'), (253, '2023-01-04', 'Status2', 'Courier5'), (254, '2025-04-17', 'Status3', 'Courier4'), (255, '2023-06-10', 'Status3', 'Courier9'), (256, '2025-10-22', 'Status2', 'Courier4'), (257, '2023-04-07', 'Status2', 'Courier6'), (258, '2025-03-06', 'Status1', 'Courier3'), (259, '2023-09-03', 'Status1', 'Courier5'), (260, '2024-04-28', 'Status2', 'Courier4'), (261, '2025-03-02', 'Status1', 'Courier10'), (262, '2025-08-01', 'Status2', 'Courier7'), (263, '2025-12-24', 'Status3', 'Courier4'), (264, '2023-06-05', 'Status2', 'Courier3'), (265, '2025-11-02', 'Status2', 'Courier5'), (266, '2023-11-24', 'Status1', 'Courier9'), (267, '2023-06-20', 'Status1', 'Courier10'), (268, '2023-07-03', 'Status2', 'Courier1'), (269, '2025-11-05', 'Status3', 'Courier2'), (270, '2024-05-22', 'Status2', 'Courier9'), (271, '2025-12-27', 'Status2', 'Courier8'), (272, '2025-01-11', 'Status3', 'Courier7'), (273, '2024-09-12', 'Status2', 'Courier5'), (274, '2025-03-03', 'Status1', 'Courier5'), (275, '2024-06-14', 'Status1', 'Courier5'), (276, '2023-09-02', 'Status1', 'Courier4'), (277, '2025-04-10', 'Status1', 'Courier2'), (278, '2025-11-16', 'Status1', 'Courier1'), (279, '2025-12-12', 'Status2', 'Courier1'), (280, '2025-04-18', 'Status2', 'Courier2'), (281, '2024-02-22', 'Status1', 'Courier1'), (282, '2023-08-13', 'Status3', 'Courier4'), (283, '2025-11-16', 'Status2', 'Courier9'), (284, '2025-01-26', 'Status2', 'Courier8'), (285, '2025-12-27', 'Status2', 'Courier7'), (286, '2025-04-30', 'Status3', 'Courier9'), (287, '2025-03-30', 'Status3', 'Courier7'), (288, '2025-12-11', 'Status2', 'Courier3'), (289, '2023-04-23', 'Status3', 'Courier2'), (290, '2024-10-23', 'Status2', 'Courier7'), (291, '2025-05-22', 'Status1', 'Courier2'), (292, '2023-07-26', 'Status1', 'Courier5'), (293, '2024-11-24', 'Status2', 'Courier6'), (294, '2024-09-21', 'Status1', 'Courier2'), (295, '2023-05-20', 'Status1', 'Courier5'), (296, '2024-05-21', 'Status3', 'Courier6'), (297, '2023-11-25', 'Status2', 'Courier3'), (298, '2023-07-18', 'Status3', 'Courier1'), (299, '2025-10-12', 'Status3', 'Courier5'), (300, '2024-11-04', 'Status3', 'Courier2'), (301, '2024-04-16', 'Status3', 'Courier2'), (302, '2024-09-22', 'Status1', 'Courier7'), (303, '2025-11-20', 'Status3', 'Courier4'), (304, '2025-05-09', 'Status3', 'Courier6'), (305, '2024-11-10', 'Status2', 'Courier5'), (306, '2024-01-08', 'Status2', 'Courier7'), (307, '2023-06-21', 'Status3', 'Courier4'), (308, '2025-04-15', 'Status1', 'Courier2'), (309, '2025-10-15', 'Status3', 'Courier5'), (310, '2025-09-06', 'Status2', 'Courier4'), (311, '2024-09-23', 'Status1', 'Courier4'), (312, '2023-02-16', 'Status3', 'Courier2'), (313, '2024-02-22', 'Status1', 'Courier4'), (314, '2024-08-24', 'Status1', 'Courier6'), (315, '2023-09-05', 'Status3', 'Courier8'), (316, '2024-01-06', 'Status3', 'Courier9'), (317, '2024-06-10', 'Status2', 'Courier8'), (318, '2023-08-31', 'Status1', 'Courier6'), (319, '2025-03-29', 'Status1', 'Courier10'), (320, '2024-07-05', 'Status3', 'Courier10'), (321, '2025-05-02', 'Status1', 'Courier1'), (322, '2024-09-12', 'Status2', 'Courier9'), (323, '2023-12-04', 'Status2', 'Courier5'), (324, '2023-11-28', 'Status1', 'Courier5'), (325, '2024-06-20', 'Status2', 'Courier1'), (326, '2025-05-08', 'Status2', 'Courier9'), (327, '2023-12-28', 'Status3', 'Courier1'), (328, '2023-04-30', 'Status1', 'Courier7'), (329, '2024-08-02', 'Status1', 'Courier8'), (330, '2024-07-02', 'Status3', 'Courier5'), (331, '2024-09-17', 'Status1', 'Courier7'), (332, '2025-12-29', 'Status2', 'Courier1'), (333, '2024-12-25', 'Status1', 'Courier7'), (334, '2025-07-29', 'Status3', 'Courier2'), (335, '2023-12-14', 'Status3', 'Courier4'), (336, '2023-04-04', 'Status1', 'Courier3'), (337, '2024-07-02', 'Status2', 'Courier9'), (338, '2024-09-09', 'Status1', 'Courier3'), (339, '2023-12-26', 'Status1', 'Courier4'), (340, '2023-10-05', 'Status2', 'Courier5'), (341, '2023-07-17', 'Status2', 'Courier2'), (342, '2025-11-23', 'Status1', 'Courier2'), (343, '2023-04-08', 'Status3', 'Courier8'), (344, '2024-02-16', 'Status2', 'Courier5'), (345, '2025-05-02', 'Status1', 'Courier1'), (346, '2025-01-13', 'Status1', 'Courier7'), (347, '2024-02-15', 'Status1', 'Courier4'), (348, '2025-06-09', 'Status1', 'Courier4'), (349, '2025-02-23', 'Status3', 'Courier10'), (350, '2023-10-04', 'Status2', 'Courier6'), (351, '2024-02-04', 'Status3', 'Courier6'), (352, '2024-06-21', 'Status3', 'Courier1'), (353, '2025-05-22', 'Status2', 'Courier6'), (354, '2024-08-26', 'Status2', 'Courier8'), (355, '2023-09-11', 'Status2', 'Courier5'), (356, '2025-11-10', 'Status3', 'Courier8'), (357, '2025-07-30', 'Status3', 'Courier5'), (358, '2025-05-02', 'Status3', 'Courier7'), (359, '2023-11-17', 'Status1', 'Courier8'), (360, '2023-12-16', 'Status1', 'Courier4'), (361, '2024-08-27', 'Status1', 'Courier3'), (362, '2024-12-04', 'Status2', 'Courier10'), (363, '2025-12-02', 'Status3', 'Courier8'), (364, '2025-02-28', 'Status1', 'Courier2'), (365, '2025-07-30', 'Status1', 'Courier5'), (366, '2025-12-16', 'Status2', 'Courier4'), (367, '2025-06-10', 'Status3', 'Courier3'), (368, '2023-09-17', 'Status2', 'Courier10'), (369, '2023-06-14', 'Status2', 'Courier10'), (370, '2023-11-03', 'Status1', 'Courier9'), (371, '2023-07-17', 'Status1', 'Courier2'), (372, '2025-06-23', 'Status3', 'Courier8'), (373, '2025-08-30', 'Status1', 'Courier6'), (374, '2024-05-22', 'Status3', 'Courier8'), (375, '2024-10-19', 'Status3', 'Courier6'), (376, '2025-11-10', 'Status1', 'Courier7'), (377, '2023-01-09', 'Status3', 'Courier4'), (378, '2024-02-07', 'Status3', 'Courier8'), (379, '2023-10-18', 'Status1', 'Courier2'), (380, '2024-03-28', 'Status2', 'Courier1'), (381, '2023-07-10', 'Status2', 'Courier1'), (382, '2023-10-01', 'Status1', 'Courier10'), (383, '2024-09-18', 'Status2', 'Courier3'), (384, '2025-03-26', 'Status1', 'Courier2'), (385, '2025-07-31', 'Status2', 'Courier3'), (386, '2023-09-24', 'Status1', 'Courier5'), (387, '2025-05-08', 'Status2', 'Courier9'), (388, '2023-07-14', 'Status3', 'Courier4'), (389, '2023-04-06', 'Status2', 'Courier5'), (390, '2025-09-23', 'Status2', 'Courier2'), (391, '2024-03-29', 'Status1', 'Courier1'), (392, '2023-11-08', 'Status3', 'Courier4'), (393, '2024-08-02', 'Status3', 'Courier1'), (394, '2024-03-21', 'Status3', 'Courier2'), (395, '2025-11-10', 'Status1', 'Courier3'), (396, '2023-04-15', 'Status1', 'Courier8'), (397, '2023-09-20', 'Status2', 'Courier10'), (398, '2025-06-19', 'Status3', 'Courier1'), (399, '2025-05-26', 'Status1', 'Courier5'), (400, '2025-05-30', 'Status2', 'Courier6');
INSERT INTO Payment (PaymentID, PaymentMethod, PaymentDate) VALUES (1, 'Method1', '2024-11-21'), (2, 'Method4', '2025-08-18'), (3, 'Method4', '2023-06-22'), (4, 'Method4', '2025-08-20'), (5, 'Method4', '2025-10-24'), (6, 'Method1', '2023-01-28'), (7, 'Method1', '2024-06-23'), (8, 'Method3', '2025-01-05'), (9, 'Method1', '2025-09-24'), (10, 'Method3', '2023-03-14'), (11, 'Method4', '2023-05-18'), (12, 'Method1', '2023-09-30'), (13, 'Method1', '2025-11-15'), (14, 'Method3', '2023-10-22'), (15, 'Method4', '2025-09-03'), (16, 'Method1', '2024-06-29'), (17, 'Method3', '2025-07-27'), (18, 'Method2', '2024-05-11'), (19, 'Method3', '2023-09-15'), (20, 'Method2', '2023-04-25'), (21, 'Method4', '2024-09-22'), (22, 'Method2', '2023-10-21'), (23, 'Method4', '2025-06-20'), (24, 'Method1', '2025-06-02'), (25, 'Method1', '2024-02-18'), (26, 'Method4', '2025-05-25'), (27, 'Method3', '2025-06-07'), (28, 'Method1', '2024-06-09'), (29, 'Method3', '2025-10-07'), (30, 'Method2', '2025-01-07'), (31, 'Method2', '2024-09-07'), (32, 'Method3', '2024-02-11'), (33, 'Method3', '2025-08-06'), (34, 'Method4', '2024-04-30'), (35, 'Method1', '2024-02-29'), (36, 'Method1', '2023-01-29'), (37, 'Method3', '2025-07-31'), (38, 'Method4', '2023-10-21'), (39, 'Method1', '2025-07-09'), (40, 'Method4', '2024-03-19'), (41, 'Method1', '2024-03-14'), (42, 'Method1', '2025-09-29'), (43, 'Method2', '2025-05-12'), (44, 'Method2', '2023-10-28'), (45, 'Method2', '2023-05-12'), (46, 'Method3', '2025-05-22'), (47, 'Method3', '2023-03-27'), (48, 'Method3', '2024-11-10'), (49, 'Method3', '2024-01-19'), (50, 'Method2', '2023-12-03'), (51, 'Method2', '2023-10-16'), (52, 'Method1', '2023-11-14'), (53, 'Method4', '2024-07-09'), (54, 'Method2', '2025-06-06'), (55, 'Method4', '2025-01-14'), (56, 'Method1', '2024-09-27'), (57, 'Method4', '2024-03-15'), (58, 'Method1', '2024-02-12'), (59, 'Method1', '2023-06-19'), (60, 'Method3', '2023-08-22'), (61, 'Method2', '2025-03-06'), (62, 'Method2', '2024-08-27'), (63, 'Method4', '2024-12-26'), (64, 'Method2', '2024-04-21'), (65, 'Method3', '2025-03-11'), (66, 'Method4', '2024-02-23'), (67, 'Method2', '2025-01-14'), (68, 'Method2', '2024-05-25'), (69, 'Method3', '2025-01-13'), (70, 'Method1', '2024-11-01'), (71, 'Method1', '2024-09-16'), (72, 'Method3', '2025-04-12'), (73, 'Method4', '2024-03-02'), (74, 'Method2', '2025-06-04'), (75, 'Method3', '2023-12-08'), (76, 'Method1', '2024-01-17'), (77, 'Method3', '2023-06-06'), (78, 'Method3', '2024-09-14'), (79, 'Method1', '2023-12-09'), (80, 'Method4', '2024-12-29'), (81, 'Method4', '2023-12-10'), (82, 'Method3', '2023-03-15'), (83, 'Method4', '2024-04-20'), (84, 'Method3', '2023-03-02'), (85, 'Method3', '2024-11-06'), (86, 'Method3', '2023-12-09'), (87, 'Method2', '2024-02-07'), (88, 'Method2', '2024-02-16'), (89, 'Method4', '2023-01-06'), (90, 'Method4', '2024-03-14'), (91, 'Method2', '2024-03-29'), (92, 'Method4', '2024-10-22'), (93, 'Method2', '2024-10-23'), (94, 'Method1', '2024-08-17'), (95, 'Method4', '2024-06-20'), (96, 'Method4', '2024-09-22'), (97, 'Method1', '2023-01-30'), (98, 'Method4', '2023-10-11'), (99, 'Method2', '2023-07-24'), (100, 'Method1', '2024-02-15'), (101, 'Method2', '2024-10-14'), (102, 'Method2', '2023-10-23'), (103, 'Method3', '2024-11-10'), (104, 'Method2', '2025-02-12'), (105, 'Method1', '2024-12-09'), (106, 'Method4', '2023-11-07'), (107, 'Method1', '2023-04-07'), (108, 'Method4', '2024-12-09'), (109, 'Method3', '2023-03-13'), (110, 'Method4', '2023-10-30'), (111, 'Method2', '2024-11-04'), (112, 'Method3', '2024-02-19'), (113, 'Method4', '2025-02-27'), (114, 'Method4', '2023-06-02'), (115, 'Method2', '2023-10-07'), (116, 'Method2', '2025-10-10'), (117, 'Method1', '2023-05-31'), (118, 'Method4', '2025-01-02'), (119, 'Method4', '2023-09-02'), (120, 'Method4', '2023-04-01'), (121, 'Method4', '2025-04-19'), (122, 'Method4', '2025-05-08'), (123, 'Method1', '2023-11-19'), (124, 'Method2', '2024-11-12'), (125, 'Method3', '2023-12-25'), (126, 'Method4', '2024-04-15'), (127, 'Method1', '2025-07-29'), (128, 'Method1', '2025-09-08'), (129, 'Method3', '2024-01-10'), (130, 'Method1', '2025-08-12'), (131, 'Method2', '2024-02-29'), (132, 'Method4', '2024-12-12'), (133, 'Method2', '2023-05-27'), (134, 'Method2', '2024-07-07'), (135, 'Method1', '2025-03-23'), (136, 'Method4', '2024-01-20'), (137, 'Method1', '2025-08-30'), (138, 'Method2', '2024-06-16'), (139, 'Method1', '2025-07-25'), (140, 'Method1', '2025-07-16'), (141, 'Method3', '2023-11-06'), (142, 'Method3', '2025-03-29'), (143, 'Method2', '2025-12-21'), (144, 'Method3', '2023-04-24'), (145, 'Method2', '2023-01-28'), (146, 'Method2', '2023-04-01'), (147, 'Method3', '2024-09-03'), (148, 'Method3', '2025-08-20'), (149, 'Method3', '2024-09-12'), (150, 'Method2', '2025-06-08'), (151, 'Method2', '2023-12-03'), (152, 'Method4', '2025-10-11'), (153, 'Method3', '2024-04-27'), (154, 'Method2', '2024-11-17'), (155, 'Method4', '2023-11-09'), (156, 'Method2', '2025-04-17'), (157, 'Method2', '2025-02-11'), (158, 'Method3', '2024-11-19'), (159, 'Method2', '2024-02-16'), (160, 'Method4', '2024-01-05'), (161, 'Method2', '2025-05-28'), (162, 'Method2', '2024-04-09'), (163, 'Method4', '2024-12-14'), (164, 'Method1', '2024-03-05'), (165, 'Method1', '2025-12-17'), (166, 'Method2', '2024-09-27'), (167, 'Method3', '2023-09-16'), (168, 'Method3', '2025-02-09'), (169, 'Method4', '2023-10-10'), (170, 'Method1', '2023-02-23'), (171, 'Method1', '2025-08-22'), (172, 'Method4', '2025-09-03'), (173, 'Method4', '2025-04-24'), (174, 'Method2', '2024-05-03'), (175, 'Method2', '2023-02-22'), (176, 'Method1', '2023-05-15'), (177, 'Method1', '2025-11-26'), (178, 'Method2', '2025-07-11'), (179, 'Method2', '2024-10-21'), (180, 'Method2', '2024-08-25'), (181, 'Method2', '2024-12-28'), (182, 'Method3', '2025-10-13'), (183, 'Method1', '2023-12-01'), (184, 'Method4', '2024-08-16'), (185, 'Method3', '2025-12-09'), (186, 'Method2', '2025-06-29'), (187, 'Method1', '2023-11-26'), (188, 'Method4', '2023-08-06'), (189, 'Method3', '2023-01-06'), (190, 'Method2', '2023-07-20'), (191, 'Method4', '2025-01-13'), (192, 'Method2', '2023-07-08'), (193, 'Method4', '2024-08-23'), (194, 'Method1', '2024-06-01'), (195, 'Method2', '2025-05-12'), (196, 'Method2', '2024-05-27'), (197, 'Method3', '2023-04-16'), (198, 'Method1', '2024-12-06'), (199, 'Method1', '2025-05-13'), (200, 'Method3', '2024-09-13'), (201, 'Method1', '2023-03-03'), (202, 'Method3', '2023-01-29'), (203, 'Method2', '2025-06-13'), (204, 'Method2', '2023-09-08'), (205, 'Method3', '2025-02-10'), (206, 'Method3', '2025-11-12'), (207, 'Method4', '2024-09-17'), (208, 'Method2', '2025-08-12'), (209, 'Method4', '2025-03-04'), (210, 'Method4', '2024-08-02'), (211, 'Method2', '2024-02-19'), (212, 'Method3', '2024-05-30'), (213, 'Method2', '2024-02-09'), (214, 'Method3', '2024-12-06'), (215, 'Method1', '2025-06-25'), (216, 'Method3', '2023-10-21'), (217, 'Method3', '2024-07-14'), (218, 'Method2', '2023-05-17'), (219, 'Method1', '2025-07-16'), (220, 'Method1', '2025-03-19'), (221, 'Method2', '2024-09-20'), (222, 'Method4', '2023-11-04'), (223, 'Method1', '2024-11-20'), (224, 'Method3', '2023-10-11'), (225, 'Method3', '2023-12-05'), (226, 'Method3', '2024-08-20'), (227, 'Method4', '2023-01-05'), (228, 'Method2', '2025-05-04'), (229, 'Method4', '2023-08-22'), (230, 'Method3', '2024-06-26'), (231, 'Method4', '2024-09-30'), (232, 'Method1', '2023-04-06'), (233, 'Method3', '2024-01-15'), (234, 'Method4', '2024-06-25'), (235, 'Method2', '2024-09-17'), (236, 'Method2', '2025-07-12'), (237, 'Method2', '2023-03-21'), (238, 'Method1', '2023-06-07'), (239, 'Method3', '2023-08-26'), (240, 'Method3', '2024-05-02'), (241, 'Method4', '2024-04-10'), (242, 'Method1', '2024-03-04'), (243, 'Method4', '2023-08-10'), (244, 'Method4', '2023-08-24'), (245, 'Method3', '2024-10-06'), (246, 'Method3', '2025-04-29'), (247, 'Method1', '2024-10-23'), (248, 'Method2', '2023-08-27'), (249, 'Method3', '2024-09-13'), (250, 'Method3', '2023-07-30'), (251, 'Method1', '2025-01-15'), (252, 'Method2', '2025-09-13'), (253, 'Method3', '2025-12-12'), (254, 'Method4', '2025-08-27'), (255, 'Method2', '2024-07-28'), (256, 'Method4', '2023-09-17'), (257, 'Method2', '2024-03-23'), (258, 'Method4', '2023-06-07'), (259, 'Method4', '2025-09-03'), (260, 'Method4', '2025-07-19'), (261, 'Method1', '2024-10-11'), (262, 'Method1', '2023-06-19'), (263, 'Method1', '2023-06-29'), (264, 'Method4', '2023-06-30'), (265, 'Method3', '2024-12-18'), (266, 'Method4', '2025-09-13'), (267, 'Method3', '2023-03-08'), (268, 'Method1', '2024-09-01'), (269, 'Method4', '2024-01-05'), (270, 'Method2', '2025-08-08'), (271, 'Method1', '2023-12-25'), (272, 'Method4', '2023-06-27'), (273, 'Method1', '2024-05-07'), (274, 'Method3', '2025-03-11'), (275, 'Method3', '2023-07-01'), (276, 'Method4', '2024-03-17'), (277, 'Method3', '2024-02-14'), (278, 'Method2', '2025-08-15'), (279, 'Method4', '2023-09-20'), (280, 'Method2', '2025-07-02'), (281, 'Method1', '2024-04-22'), (282, 'Method1', '2024-03-18'), (283, 'Method1', '2023-06-11'), (284, 'Method2', '2024-06-19'), (285, 'Method4', '2024-02-06'), (286, 'Method3', '2023-07-11'), (287, 'Method4', '2024-06-12'), (288, 'Method2', '2023-07-16'), (289, 'Method3', '2024-11-12'), (290, 'Method4', '2024-11-01'), (291, 'Method3', '2024-05-30'), (292, 'Method1', '2025-04-07'), (293, 'Method1', '2024-10-20'), (294, 'Method4', '2024-11-27'), (295, 'Method3', '2023-07-28'), (296, 'Method1', '2024-09-25'), (297, 'Method4', '2023-12-17'), (298, 'Method2', '2023-08-05'), (299, 'Method1', '2025-10-15'), (300, 'Method1', '2025-07-23'), (301, 'Method4', '2025-11-05'), (302, 'Method1', '2023-02-03'), (303, 'Method1', '2024-06-03'), (304, 'Method1', '2025-06-12'), (305, 'Method4', '2023-05-19'), (306, 'Method4', '2023-11-21'), (307, 'Method1', '2025-09-29'), (308, 'Method4', '2025-07-18'), (309, 'Method1', '2025-10-13'), (310, 'Method2', '2025-04-08'), (311, 'Method3', '2024-02-11'), (312, 'Method2', '2023-05-22'), (313, 'Method1', '2023-09-05'), (314, 'Method4', '2024-11-19'), (315, 'Method4', '2023-01-29'), (316, 'Method1', '2023-09-22'), (317, 'Method3', '2024-08-19'), (318, 'Method1', '2025-03-31'), (319, 'Method3', '2023-05-04'), (320, 'Method3', '2024-04-22'), (321, 'Method3', '2023-06-10'), (322, 'Method4', '2025-01-10'), (323, 'Method2', '2024-08-04'), (324, 'Method1', '2025-04-03'), (325, 'Method2', '2024-07-15'), (326, 'Method2', '2024-05-05'), (327, 'Method3', '2025-08-25'), (328, 'Method3', '2025-10-06'), (329, 'Method1', '2025-05-28'), (330, 'Method1', '2025-02-09'), (331, 'Method3', '2023-09-23'), (332, 'Method3', '2025-07-17'), (333, 'Method2', '2025-10-23'), (334, 'Method4', '2025-12-18'), (335, 'Method2', '2024-05-28'), (336, 'Method2', '2025-11-18'), (337, 'Method3', '2023-05-30'), (338, 'Method2', '2023-11-24'), (339, 'Method4', '2024-09-08'), (340, 'Method1', '2024-09-10'), (341, 'Method3', '2024-04-14'), (342, 'Method4', '2024-04-21'), (343, 'Method4', '2024-04-26'), (344, 'Method3', '2023-09-15'), (345, 'Method3', '2024-11-09'), (346, 'Method3', '2024-06-22'), (347, 'Method2', '2023-04-10'), (348, 'Method2', '2023-11-08'), (349, 'Method3', '2025-05-28'), (350, 'Method1', '2023-01-18'), (351, 'Method1', '2025-08-23'), (352, 'Method2', '2025-02-23'), (353, 'Method2', '2023-08-15'), (354, 'Method2', '2024-05-06'), (355, 'Method1', '2024-09-26'), (356, 'Method3', '2024-03-28'), (357, 'Method2', '2025-06-20'), (358, 'Method4', '2025-12-23'), (359, 'Method4', '2024-12-27'), (360, 'Method1', '2024-07-10'), (361, 'Method2', '2023-06-22'), (362, 'Method4', '2025-03-27'), (363, 'Method1', '2024-10-07'), (364, 'Method2', '2024-07-26'), (365, 'Method2', '2024-08-04'), (366, 'Method4', '2023-06-06'), (367, 'Method2', '2023-03-13'), (368, 'Method4', '2024-01-05'), (369, 'Method2', '2023-07-20'), (370, 'Method3', '2024-09-09'), (371, 'Method1', '2024-05-27'), (372, 'Method4', '2024-10-21'), (373, 'Method4', '2025-01-31'), (374, 'Method3', '2025-11-29'), (375, 'Method1', '2025-11-07'), (376, 'Method3', '2023-10-10'), (377, 'Method2', '2025-11-05'), (378, 'Method2', '2024-12-11'), (379, 'Method3', '2025-08-25'), (380, 'Method2', '2025-02-12'), (381, 'Method4', '2025-12-03'), (382, 'Method1', '2023-06-16'), (383, 'Method4', '2023-07-14'), (384, 'Method1', '2024-12-22'), (385, 'Method1', '2025-03-13'), (386, 'Method3', '2025-08-19'), (387, 'Method1', '2024-04-25'), (388, 'Method1', '2023-03-06'), (389, 'Method2', '2023-03-10'), (390, 'Method4', '2023-07-17'), (391, 'Method2', '2023-12-15'), (392, 'Method4', '2025-04-11'), (393, 'Method1', '2023-01-26'), (394, 'Method4', '2025-10-18'), (395, 'Method1', '2025-09-18'), (396, 'Method4', '2025-05-08'), (397, 'Method2', '2023-02-14'), (398, 'Method4', '2023-10-03'), (399, 'Method1', '2023-03-26'), (400, 'Method1', '2024-11-24');
INSERT INTO Orders (OrderID, OrderDate, OrderStatus, TotalAmount, CustomerID, DeliveryID, PaymentID) VALUES (1, '2025-10-08', 'Status2', 133.68, 186, 375, 371), (2, '2024-05-30', 'Status1', 247.44, 259, 172, 363), (3, '2024-04-17', 'Status1', 154.88, 94, 196, 298), (4, '2025-12-18', 'Status1', 66.35, 72, 88, 370), (5, '2025-04-13', 'Status2', 237.58, 355, 16, 216), (6, '2025-05-01', 'Status1', 129.34, 367, 19, 150), (7, '2025-05-09', 'Status3', 119.8, 63, 318, 316), (8, '2023-09-11', 'Status1', 93.38, 237, 76, 304), (9, '2023-04-08', 'Status2', 95.63, 300, 351, 24), (10, '2023-04-11', 'Status1', 291.25, 160, 316, 371), (11, '2023-03-17', 'Status3', 251.8, 271, 145, 247), (12, '2023-02-07', 'Status3', 72.83, 64, 289, 151), (13, '2024-07-20', 'Status1', 106.26, 157, 285, 105), (14, '2025-07-30', 'Status1', 52.12, 289, 229, 242), (15, '2025-12-15', 'Status3', 137.8, 23, 376, 393), (16, '2024-12-17', 'Status3', 51.37, 185, 36, 169), (17, '2024-10-12', 'Status3', 87.05, 77, 392, 95), (18, '2025-06-21', 'Status2', 146.84, 306, 323, 49), (19, '2025-06-03', 'Status3', 239.49, 392, 258, 142), (20, '2024-10-28', 'Status1', 145.18, 222, 276, 31), (21, '2023-11-27', 'Status1', 203.39, 15, 394, 328), (22, '2023-12-17', 'Status2', 138.13, 176, 317, 372), (23, '2024-10-04', 'Status1', 64.88, 146, 383, 279), (24, '2023-05-08', 'Status2', 274.05, 266, 205, 317), (25, '2023-01-22', 'Status3', 243.5, 1, 42, 246), (26, '2023-02-25', 'Status1', 127.4, 232, 307, 359), (27, '2025-05-15', 'Status1', 271.14, 84, 300, 276), (28, '2025-09-12', 'Status1', 100.63, 83, 384, 237), (29, '2024-05-23', 'Status1', 248.86, 378, 204, 97), (30, '2024-05-28', 'Status3', 245.76, 288, 137, 112), (31, '2025-07-30', 'Status1', 172.05, 260, 314, 132), (32, '2025-11-27', 'Status1', 97.89, 136, 396, 220), (33, '2024-11-30', 'Status3', 151.59, 51, 351, 137), (34, '2023-09-28', 'Status3', 96.0, 181, 210, 302), (35, '2023-06-03', 'Status2', 218.67, 311, 157, 97), (36, '2023-07-18', 'Status1', 207.87, 54, 257, 242), (37, '2025-12-26', 'Status1', 151.33, 72, 323, 105), (38, '2025-06-17', 'Status2', 70.87, 356, 159, 161), (39, '2025-06-27', 'Status3', 242.59, 21, 280, 400), (40, '2024-11-23', 'Status2', 102.75, 377, 265, 195), (41, '2025-08-08', 'Status2', 131.84, 199, 124, 88), (42, '2023-01-28', 'Status3', 125.64, 370, 118, 185), (43, '2023-11-28', 'Status2', 90.33, 302, 114, 166), (44, '2025-05-10', 'Status1', 87.77, 71, 311, 67), (45, '2025-07-20', 'Status2', 240.28, 328, 330, 302), (46, '2025-02-28', 'Status3', 138.8, 367, 70, 250), (47, '2024-09-10', 'Status3', 116.87, 41, 167, 238), (48, '2025-09-16', 'Status1', 288.54, 297, 235, 365), (49, '2023-08-17', 'Status1', 122.96, 187, 111, 79), (50, '2024-09-18', 'Status2', 144.19, 289, 33, 230), (51, '2024-06-23', 'Status2', 117.21, 11, 89, 349), (52, '2024-10-05', 'Status3', 155.78, 130, 367, 289), (53, '2023-09-23', 'Status1', 187.47, 266, 185, 235), (54, '2023-08-18', 'Status3', 221.45, 344, 206, 98), (55, '2025-11-29', 'Status3', 248.28, 220, 74, 116), (56, '2024-03-18', 'Status3', 131.2, 356, 217, 196), (57, '2025-02-14', 'Status1', 59.8, 64, 215, 19), (58, '2025-12-30', 'Status3', 139.78, 132, 252, 282), (59, '2025-11-20', 'Status3', 82.77, 248, 394, 268), (60, '2024-07-20', 'Status1', 287.09, 47, 381, 11), (61, '2025-11-01', 'Status3', 190.78, 236, 231, 300), (62, '2023-04-14', 'Status3', 66.53, 115, 100, 195), (63, '2025-08-02', 'Status2', 145.72, 153, 82, 356), (64, '2024-04-29', 'Status2', 131.99, 99, 313, 238), (65, '2024-08-12', 'Status3', 120.53, 13, 209, 348), (66, '2023-12-12', 'Status1', 103.65, 271, 109, 371), (67, '2023-03-26', 'Status2', 116.16, 391, 370, 317), (68, '2023-07-29', 'Status1', 229.26, 117, 370, 398), (69, '2024-07-02', 'Status2', 295.78, 265, 281, 220), (70, '2025-12-24', 'Status1', 183.91, 38, 241, 86), (71, '2024-11-08', 'Status2', 261.98, 254, 330, 135), (72, '2024-03-15', 'Status3', 215.45, 318, 7, 113), (73, '2024-06-22', 'Status3', 136.32, 161, 295, 323), (74, '2024-06-06', 'Status3', 128.9, 263, 107, 225), (75, '2024-12-09', 'Status2', 161.05, 274, 130, 34), (76, '2025-06-18', 'Status3', 269.66, 145, 95, 370), (77, '2023-02-13', 'Status2', 233.46, 60, 161, 36), (78, '2023-06-08', 'Status1', 173.7, 176, 63, 41), (79, '2023-07-03', 'Status2', 259.88, 80, 158, 227), (80, '2024-05-07', 'Status1', 83.56, 73, 38, 68), (81, '2024-03-22', 'Status3', 159.05, 252, 336, 265), (82, '2024-05-12', 'Status1', 296.36, 156, 226, 108), (83, '2025-10-09', 'Status1', 281.57, 108, 227, 263), (84, '2023-10-28', 'Status2', 283.53, 62, 107, 58), (85, '2023-02-08', 'Status2', 120.46, 79, 350, 13), (86, '2024-12-14', 'Status2', 71.83, 336, 88, 1), (87, '2024-05-05', 'Status2', 279.03, 387, 330, 29), (88, '2023-11-07', 'Status3', 299.94, 345, 85, 90), (89, '2025-03-28', 'Status2', 121.32, 130, 264, 143), (90, '2023-10-13', 'Status3', 77.06, 314, 316, 180), (91, '2025-07-09', 'Status3', 79.93, 169, 70, 104), (92, '2023-11-09', 'Status1', 280.36, 41, 263, 210), (93, '2024-12-09', 'Status2', 223.82, 55, 348, 374), (94, '2024-12-18', 'Status1', 252.22, 77, 328, 34), (95, '2025-10-08', 'Status1', 109.71, 223, 151, 288), (96, '2023-07-18', 'Status3', 272.28, 142, 256, 343), (97, '2023-09-04', 'Status1', 66.45, 272, 92, 42), (98, '2025-08-05', 'Status2', 296.24, 367, 157, 204), (99, '2025-04-09', 'Status1', 218.95, 91, 198, 314), (100, '2025-09-08', 'Status3', 188.92, 188, 105, 262), (101, '2023-05-21', 'Status2', 114.48, 210, 287, 155), (102, '2023-06-14', 'Status1', 79.27, 240, 85, 108), (103, '2025-11-09', 'Status2', 160.43, 192, 130, 353), (104, '2025-07-17', 'Status2', 185.04, 173, 71, 12), (105, '2024-12-15', 'Status2', 242.92, 310, 272, 63), (106, '2024-06-28', 'Status2', 123.37, 165, 299, 311), (107, '2023-07-26', 'Status3', 294.01, 297, 303, 340), (108, '2023-03-17', 'Status2', 134.86, 304, 147, 137), (109, '2025-05-30', 'Status2', 233.1, 386, 36, 365), (110, '2024-01-21', 'Status3', 59.64, 228, 351, 396), (111, '2023-01-26', 'Status1', 231.72, 259, 327, 266), (112, '2025-11-08', 'Status1', 271.93, 386, 79, 233), (113, '2024-10-20', 'Status2', 190.29, 52, 84, 49), (114, '2023-09-17', 'Status1', 249.13, 357, 94, 276), (115, '2023-04-24', 'Status1', 101.95, 76, 132, 387), (116, '2024-04-18', 'Status2', 133.58, 77, 378, 97), (117, '2024-09-27', 'Status2', 196.02, 369, 306, 68), (118, '2025-10-24', 'Status3', 138.93, 121, 384, 97), (119, '2023-06-28', 'Status3', 126.03, 328, 282, 374), (120, '2024-11-02', 'Status2', 180.82, 128, 36, 192), (121, '2023-11-01', 'Status1', 92.38, 7, 71, 371), (122, '2025-03-03', 'Status2', 295.58, 122, 147, 169), (123, '2024-07-12', 'Status3', 105.23, 394, 239, 275), (124, '2023-04-20', 'Status2', 207.94, 101, 284, 372), (125, '2023-07-25', 'Status3', 204.75, 169, 291, 253), (126, '2023-09-23', 'Status2', 287.86, 154, 176, 120), (127, '2023-06-02', 'Status1', 267.72, 88, 14, 253), (128, '2024-09-15', 'Status1', 191.64, 27, 326, 259), (129, '2023-06-03', 'Status1', 254.92, 336, 50, 277), (130, '2025-05-17', 'Status1', 52.56, 189, 347, 7), (131, '2025-08-30', 'Status3', 259.13, 52, 375, 232), (132, '2023-05-29', 'Status2', 108.92, 261, 228, 16), (133, '2025-07-26', 'Status2', 157.02, 74, 167, 298), (134, '2024-04-29', 'Status1', 159.49, 388, 170, 391), (135, '2025-02-25', 'Status2', 76.26, 346, 253, 193), (136, '2025-02-05', 'Status2', 207.28, 282, 129, 163), (137, '2024-03-01', 'Status3', 114.73, 118, 212, 243), (138, '2023-06-07', 'Status1', 210.14, 393, 275, 201), (139, '2023-09-05', 'Status1', 238.17, 203, 193, 133), (140, '2025-09-12', 'Status3', 61.56, 233, 64, 41), (141, '2024-02-25', 'Status1', 229.08, 395, 205, 229), (142, '2023-06-05', 'Status1', 119.1, 44, 181, 89), (143, '2023-10-02', 'Status2', 231.37, 398, 56, 330), (144, '2024-07-15', 'Status2', 75.87, 246, 158, 289), (145, '2025-01-06', 'Status3', 190.86, 328, 52, 257), (146, '2025-10-13', 'Status2', 125.86, 109, 107, 193), (147, '2025-10-14', 'Status3', 123.36, 390, 92, 292), (148, '2025-12-06', 'Status1', 247.92, 360, 103, 38), (149, '2024-11-14', 'Status1', 123.43, 274, 237, 354), (150, '2025-06-09', 'Status1', 173.67, 229, 50, 191), (151, '2023-10-18', 'Status1', 77.34, 325, 320, 274), (152, '2025-12-17', 'Status1', 173.41, 28, 306, 29), (153, '2024-06-16', 'Status1', 245.16, 30, 350, 343), (154, '2024-11-16', 'Status1', 76.33, 74, 193, 58), (155, '2024-04-10', 'Status2', 189.33, 257, 249, 114), (156, '2025-04-08', 'Status1', 51.47, 298, 334, 76), (157, '2024-10-15', 'Status3', 249.23, 133, 103, 205), (158, '2024-01-04', 'Status1', 64.15, 367, 224, 306), (159, '2023-05-10', 'Status1', 138.52, 246, 10, 385), (160, '2023-11-03', 'Status3', 294.58, 394, 70, 65), (161, '2025-09-21', 'Status2', 258.47, 286, 291, 108), (162, '2025-08-08', 'Status3', 72.07, 146, 362, 29), (163, '2023-06-16', 'Status3', 204.75, 147, 148, 323), (164, '2024-11-12', 'Status1', 224.13, 70, 72, 80), (165, '2024-08-20', 'Status3', 211.09, 104, 167, 167), (166, '2023-05-13', 'Status2', 60.0, 148, 301, 300), (167, '2023-02-05', 'Status2', 212.64, 306, 110, 373), (168, '2024-10-27', 'Status2', 110.6, 348, 107, 69), (169, '2023-12-22', 'Status2', 221.7, 397, 13, 376), (170, '2023-12-03', 'Status2', 55.33, 79, 271, 383), (171, '2023-02-15', 'Status1', 116.29, 304, 121, 275), (172, '2024-06-15', 'Status2', 159.64, 210, 391, 242), (173, '2024-01-11', 'Status2', 244.7, 14, 188, 385), (174, '2023-03-11', 'Status2', 279.11, 24, 87, 65), (175, '2023-04-11', 'Status3', 272.78, 115, 300, 45), (176, '2023-09-04', 'Status3', 206.28, 176, 137, 89), (177, '2023-06-24', 'Status2', 257.03, 196, 243, 110), (178, '2023-02-24', 'Status3', 190.64, 135, 87, 371), (179, '2023-11-09', 'Status2', 80.77, 308, 7, 239), (180, '2023-02-19', 'Status3', 256.83, 363, 155, 37), (181, '2024-10-31', 'Status2', 145.24, 345, 224, 373), (182, '2024-04-08', 'Status3', 252.46, 193, 207, 20), (183, '2024-02-20', 'Status3', 77.95, 66, 381, 232), (184, '2024-02-12', 'Status1', 193.93, 254, 206, 334), (185, '2024-01-03', 'Status1', 120.59, 325, 216, 303), (186, '2024-04-22', 'Status3', 225.78, 50, 98, 21), (187, '2023-03-04', 'Status2', 224.12, 40, 179, 271), (188, '2023-06-24', 'Status3', 109.45, 380, 77, 245), (189, '2023-05-29', 'Status2', 244.31, 189, 60, 385), (190, '2025-06-15', 'Status3', 130.99, 286, 94, 361), (191, '2025-01-11', 'Status1', 282.29, 78, 122, 72), (192, '2024-05-24', 'Status3', 66.03, 358, 393, 73), (193, '2025-04-24', 'Status3', 248.19, 35, 298, 385), (194, '2023-01-01', 'Status2', 58.28, 356, 237, 279), (195, '2024-05-22', 'Status1', 63.09, 371, 389, 182), (196, '2025-12-10', 'Status3', 228.13, 165, 22, 214), (197, '2023-03-07', 'Status2', 242.19, 382, 275, 235), (198, '2025-08-10', 'Status2', 169.19, 84, 308, 394), (199, '2023-05-30', 'Status3', 110.07, 286, 243, 243), (200, '2025-11-19', 'Status3', 91.25, 333, 320, 92), (201, '2024-10-14', 'Status2', 165.83, 312, 351, 334), (202, '2023-09-24', 'Status1', 192.63, 351, 50, 395), (203, '2023-12-03', 'Status2', 249.78, 256, 144, 236), (204, '2025-09-27', 'Status2', 226.25, 29, 93, 344), (205, '2024-01-25', 'Status3', 126.65, 400, 199, 11), (206, '2024-05-31', 'Status2', 286.38, 322, 235, 78), (207, '2025-06-05', 'Status1', 113.16, 106, 199, 86), (208, '2023-01-15', 'Status1', 107.39, 226, 184, 106), (209, '2024-05-30', 'Status3', 218.95, 343, 74, 349), (210, '2024-05-04', 'Status2', 282.08, 131, 365, 354), (211, '2024-01-14', 'Status2', 174.11, 87, 351, 217), (212, '2023-05-10', 'Status2', 175.41, 203, 370, 332), (213, '2025-04-21', 'Status2', 277.82, 266, 217, 180), (214, '2025-12-11', 'Status2', 112.65, 324, 258, 202), (215, '2024-07-13', 'Status1', 50.03, 149, 66, 227), (216, '2025-11-15', 'Status1', 138.29, 243, 30, 304), (217, '2024-11-01', 'Status3', 218.03, 41, 214, 304), (218, '2023-10-05', 'Status2', 110.56, 386, 260, 96), (219, '2024-11-23', 'Status3', 174.24, 192, 32, 323), (220, '2023-04-04', 'Status2', 132.78, 204, 295, 135), (221, '2023-10-20', 'Status2', 179.49, 264, 36, 236), (222, '2025-09-20', 'Status1', 120.33, 87, 262, 225), (223, '2024-06-04', 'Status1', 238.21, 201, 176, 43), (224, '2025-03-08', 'Status1', 259.7, 243, 213, 186), (225, '2023-11-14', 'Status3', 240.55, 357, 154, 172), (226, '2025-07-18', 'Status3', 70.74, 283, 204, 364), (227, '2024-04-11', 'Status1', 188.99, 286, 17, 199), (228, '2023-04-30', 'Status1', 184.36, 176, 285, 196), (229, '2024-11-02', 'Status2', 152.11, 63, 119, 204), (230, '2025-03-05', 'Status3', 296.42, 100, 160, 397), (231, '2023-08-05', 'Status3', 190.19, 176, 304, 51), (232, '2023-12-17', 'Status1', 79.6, 121, 337, 99), (233, '2025-03-30', 'Status1', 192.44, 339, 304, 332), (234, '2025-10-12', 'Status1', 57.53, 41, 194, 345), (235, '2025-01-30', 'Status2', 60.39, 132, 41, 68), (236, '2024-11-02', 'Status2', 56.52, 386, 381, 364), (237, '2024-12-27', 'Status3', 288.2, 247, 210, 238), (238, '2023-07-25', 'Status1', 226.84, 139, 138, 232), (239, '2024-05-08', 'Status1', 134.84, 340, 158, 290), (240, '2023-05-10', 'Status1', 112.89, 294, 302, 260), (241, '2024-07-03', 'Status1', 112.46, 211, 205, 383), (242, '2023-07-07', 'Status3', 63.07, 5, 360, 366), (243, '2025-02-14', 'Status2', 123.22, 261, 346, 51), (244, '2023-07-22', 'Status3', 119.35, 133, 17, 282), (245, '2023-07-18', 'Status3', 255.57, 372, 61, 334), (246, '2024-03-24', 'Status3', 198.33, 290, 259, 139), (247, '2025-10-24', 'Status2', 142.78, 100, 286, 322), (248, '2023-09-30', 'Status1', 89.01, 170, 106, 393), (249, '2025-09-28', 'Status3', 182.45, 310, 328, 60), (250, '2023-11-20', 'Status2', 247.94, 272, 62, 174), (251, '2024-05-15', 'Status2', 122.92, 204, 122, 92), (252, '2025-08-27', 'Status2', 229.77, 7, 395, 181), (253, '2025-10-15', 'Status2', 268.85, 7, 83, 228), (254, '2024-05-30', 'Status1', 249.57, 190, 351, 273), (255, '2023-04-09', 'Status3', 202.89, 183, 103, 141), (256, '2025-05-13', 'Status1', 104.31, 351, 112, 213), (257, '2025-03-19', 'Status1', 256.4, 57, 160, 80), (258, '2024-07-28', 'Status2', 197.73, 156, 317, 119), (259, '2025-06-22', 'Status3', 226.83, 275, 10, 62), (260, '2024-05-17', 'Status3', 170.87, 397, 119, 275), (261, '2024-03-07', 'Status2', 229.5, 248, 227, 188), (262, '2024-04-29', 'Status1', 64.99, 323, 68, 185), (263, '2023-07-30', 'Status3', 156.16, 229, 204, 249), (264, '2024-12-10', 'Status2', 76.56, 50, 128, 86), (265, '2023-07-21', 'Status2', 257.3, 243, 139, 337), (266, '2025-04-01', 'Status2', 196.27, 75, 239, 69), (267, '2024-02-08', 'Status3', 175.98, 116, 148, 255), (268, '2024-10-11', 'Status2', 125.11, 278, 376, 153), (269, '2023-07-23', 'Status1', 184.9, 94, 136, 217), (270, '2023-01-13', 'Status2', 107.12, 244, 297, 60), (271, '2025-04-29', 'Status2', 132.6, 150, 243, 55), (272, '2024-02-13', 'Status2', 156.85, 102, 109, 269), (273, '2023-08-09', 'Status1', 53.07, 97, 286, 278), (274, '2023-12-08', 'Status2', 202.95, 183, 238, 158), (275, '2025-01-29', 'Status1', 116.81, 282, 348, 32), (276, '2025-03-27', 'Status1', 241.56, 188, 111, 104), (277, '2025-04-06', 'Status1', 88.82, 207, 241, 44), (278, '2023-10-29', 'Status2', 298.22, 306, 27, 136), (279, '2024-09-04', 'Status2', 214.44, 101, 396, 44), (280, '2025-06-13', 'Status1', 127.26, 373, 340, 366), (281, '2023-07-28', 'Status2', 174.37, 293, 379, 241), (282, '2023-03-12', 'Status3', 191.41, 17, 291, 27), (283, '2025-02-25', 'Status3', 207.06, 129, 391, 170), (284, '2025-11-11', 'Status2', 55.19, 149, 16, 9), (285, '2023-09-10', 'Status2', 63.92, 388, 231, 45), (286, '2025-05-25', 'Status3', 78.37, 354, 333, 97), (287, '2023-05-15', 'Status1', 203.26, 111, 161, 95), (288, '2024-04-28', 'Status3', 208.47, 353, 352, 68), (289, '2023-07-30', 'Status1', 240.83, 306, 119, 166), (290, '2024-02-01', 'Status3', 230.29, 379, 51, 113), (291, '2023-10-18', 'Status1', 269.76, 46, 82, 51), (292, '2024-06-08', 'Status2', 178.42, 337, 160, 249), (293, '2024-08-17', 'Status3', 251.08, 90, 351, 125), (294, '2023-02-10', 'Status1', 221.16, 270, 127, 161), (295, '2025-11-30', 'Status3', 184.13, 340, 337, 234), (296, '2023-10-16', 'Status2', 74.28, 185, 93, 397), (297, '2025-02-01', 'Status1', 297.05, 241, 15, 284), (298, '2025-11-01', 'Status3', 147.67, 6, 115, 74), (299, '2023-11-12', 'Status3', 106.62, 326, 253, 366), (300, '2025-07-01', 'Status3', 94.16, 135, 108, 218), (301, '2023-09-23', 'Status2', 164.06, 331, 200, 70), (302, '2025-08-20', 'Status1', 292.45, 28, 147, 217), (303, '2025-05-05', 'Status1', 134.83, 29, 321, 231), (304, '2023-07-11', 'Status3', 267.67, 108, 172, 156), (305, '2024-07-31', 'Status3', 77.23, 117, 92, 81), (306, '2023-09-10', 'Status3', 101.57, 246, 345, 148), (307, '2024-01-25', 'Status2', 241.59, 339, 356, 114), (308, '2024-01-17', 'Status1', 67.29, 331, 34, 332), (309, '2025-06-23', 'Status1', 93.81, 246, 180, 113), (310, '2024-09-29', 'Status3', 282.03, 214, 217, 320), (311, '2024-01-23', 'Status1', 54.11, 251, 23, 220), (312, '2025-02-08', 'Status1', 171.92, 287, 345, 60), (313, '2025-08-31', 'Status2', 128.47, 232, 61, 354), (314, '2025-07-03', 'Status2', 105.82, 82, 11, 175), (315, '2024-01-25', 'Status1', 147.89, 209, 325, 344), (316, '2024-10-19', 'Status3', 274.03, 131, 81, 172), (317, '2023-10-25', 'Status3', 239.17, 148, 251, 400), (318, '2025-04-21', 'Status2', 260.2, 173, 124, 213), (319, '2025-11-25', 'Status1', 157.04, 243, 313, 141), (320, '2023-03-11', 'Status3', 220.4, 151, 120, 155), (321, '2023-05-12', 'Status2', 92.92, 296, 61, 29), (322, '2024-07-12', 'Status3', 172.58, 389, 265, 327), (323, '2024-02-09', 'Status2', 126.65, 296, 276, 60), (324, '2024-10-27', 'Status1', 152.44, 213, 270, 146), (325, '2023-05-12', 'Status1', 194.91, 236, 45, 256), (326, '2023-01-29', 'Status2', 191.52, 194, 274, 108), (327, '2024-11-22', 'Status1', 180.97, 152, 214, 328), (328, '2025-02-08', 'Status2', 80.7, 337, 252, 91), (329, '2023-10-10', 'Status3', 252.27, 370, 308, 147), (330, '2024-06-27', 'Status1', 223.84, 344, 45, 187), (331, '2025-06-18', 'Status2', 264.26, 78, 151, 105), (332, '2023-04-08', 'Status1', 279.87, 301, 232, 305), (333, '2023-01-22', 'Status3', 105.22, 115, 191, 281), (334, '2025-12-20', 'Status1', 278.06, 329, 69, 351), (335, '2024-03-23', 'Status3', 117.78, 267, 207, 200), (336, '2024-12-13', 'Status1', 100.7, 118, 103, 151), (337, '2024-03-08', 'Status2', 290.13, 388, 221, 270), (338, '2025-09-24', 'Status3', 260.65, 284, 381, 60), (339, '2024-06-26', 'Status3', 250.17, 137, 108, 195), (340, '2025-03-07', 'Status3', 179.63, 216, 146, 207), (341, '2025-06-01', 'Status2', 213.56, 216, 45, 106), (342, '2025-08-21', 'Status2', 287.21, 389, 384, 156), (343, '2023-12-06', 'Status1', 253.66, 153, 62, 336), (344, '2024-10-16', 'Status2', 213.28, 118, 389, 27), (345, '2025-02-11', 'Status2', 125.96, 187, 194, 365), (346, '2025-12-03', 'Status3', 234.41, 73, 226, 62), (347, '2023-01-19', 'Status3', 95.27, 219, 392, 26), (348, '2025-03-18', 'Status2', 284.28, 225, 365, 8), (349, '2023-02-24', 'Status2', 197.37, 229, 381, 229), (350, '2023-09-01', 'Status2', 66.26, 144, 266, 137), (351, '2023-03-30', 'Status3', 240.5, 227, 73, 138), (352, '2023-03-12', 'Status2', 240.67, 8, 175, 360), (353, '2024-06-11', 'Status1', 110.36, 320, 41, 261), (354, '2023-03-07', 'Status1', 149.01, 324, 399, 28), (355, '2023-02-18', 'Status2', 261.21, 361, 256, 336), (356, '2024-05-03', 'Status2', 281.16, 173, 35, 302), (357, '2025-08-26', 'Status2', 92.67, 320, 223, 227), (358, '2025-08-29', 'Status1', 74.98, 86, 265, 32), (359, '2024-12-15', 'Status3', 254.05, 388, 192, 266), (360, '2024-04-12', 'Status3', 206.86, 348, 186, 155), (361, '2025-08-09', 'Status1', 201.3, 232, 133, 125), (362, '2024-10-18', 'Status2', 119.9, 238, 359, 265), (363, '2024-10-09', 'Status2', 170.43, 187, 164, 328), (364, '2023-12-31', 'Status2', 280.87, 360, 245, 69), (365, '2024-03-07', 'Status2', 66.47, 280, 351, 10), (366, '2024-10-19', 'Status3', 150.81, 232, 249, 50), (367, '2025-03-12', 'Status3', 294.58, 187, 292, 253), (368, '2023-08-30', 'Status1', 94.85, 297, 129, 338), (369, '2023-01-24', 'Status3', 54.42, 115, 190, 285), (370, '2024-05-16', 'Status3', 147.9, 13, 138, 160), (371, '2024-05-01', 'Status3', 221.39, 285, 289, 43), (372, '2025-12-07', 'Status3', 263.56, 102, 370, 372), (373, '2025-07-26', 'Status1', 263.56, 218, 77, 172), (374, '2025-07-19', 'Status3', 149.87, 352, 167, 293), (375, '2023-06-10', 'Status2', 161.57, 182, 166, 148), (376, '2023-06-07', 'Status3', 146.36, 193, 120, 214), (377, '2024-03-08', 'Status1', 199.75, 294, 357, 254), (378, '2023-03-19', 'Status1', 279.57, 101, 324, 296), (379, '2025-06-24', 'Status2', 260.33, 131, 51, 354), (380, '2023-05-08', 'Status3', 65.3, 203, 110, 322), (381, '2023-05-17', 'Status2', 280.98, 41, 390, 177), (382, '2023-11-08', 'Status2', 107.08, 348, 128, 55), (383, '2023-02-10', 'Status1', 165.46, 379, 314, 272), (384, '2024-06-03', 'Status3', 231.12, 252, 301, 356), (385, '2025-08-13', 'Status1', 260.91, 331, 104, 49), (386, '2024-08-24', 'Status2', 98.63, 308, 169, 191), (387, '2024-09-27', 'Status3', 207.88, 143, 159, 307), (388, '2023-07-22', 'Status2', 99.94, 319, 203, 143), (389, '2024-02-22', 'Status2', 80.62, 193, 308, 314), (390, '2024-10-20', 'Status1', 252.19, 347, 29, 324), (391, '2024-06-13', 'Status3', 200.07, 320, 317, 62), (392, '2024-02-02', 'Status3', 79.54, 166, 143, 347), (393, '2024-11-06', 'Status1', 68.98, 231, 189, 153), (394, '2025-12-12', 'Status2', 68.06, 295, 74, 190), (395, '2024-01-24', 'Status1', 195.51, 40, 168, 341), (396, '2025-04-23', 'Status2', 294.36, 370, 63, 358), (397, '2024-06-01', 'Status1', 101.93, 190, 221, 106), (398, '2024-03-20', 'Status2', 85.46, 265, 114, 172), (399, '2023-06-28', 'Status2', 119.76, 229, 42, 52), (400, '2024-07-18', 'Status1', 224.36, 57, 262, 221);
INSERT INTO Reviews (ReviewID, Rating, ReviewComment, ReviewDate, CustomerID, OrderID) VALUES (1, 4, 'Review comment 1', '2023-11-29', 81, 70), (2, 4, 'Review comment 2', '2025-06-25', 258, 119), (3, 2, 'Review comment 3', '2025-06-04', 32, 125), (4, 2, 'Review comment 4', '2023-11-20', 81, 384), (5, 4, 'Review comment 5', '2023-07-05', 256, 365), (6, 1, 'Review comment 6', '2023-12-13', 8, 379), (7, 5, 'Review comment 7', '2023-04-08', 8, 6), (8, 4, 'Review comment 8', '2025-06-26', 3, 137), (9, 4, 'Review comment 9', '2025-03-07', 284, 213), (10, 2, 'Review comment 10', '2025-05-08', 279, 19), (11, 1, 'Review comment 11', '2023-01-06', 293, 86), (12, 4, 'Review comment 12', '2023-12-10', 353, 361), (13, 3, 'Review comment 13', '2024-05-04', 133, 108), (14, 2, 'Review comment 14', '2024-02-24', 125, 139), (15, 2, 'Review comment 15', '2025-05-03', 334, 131), (16, 5, 'Review comment 16', '2023-10-01', 216, 79), (17, 2, 'Review comment 17', '2025-10-03', 209, 371), (18, 4, 'Review comment 18', '2023-11-25', 180, 228), (19, 4, 'Review comment 19', '2024-11-11', 99, 170), (20, 5, 'Review comment 20', '2024-03-08', 391, 196), (21, 2, 'Review comment 21', '2024-12-28', 295, 367), (22, 1, 'Review comment 22', '2023-10-06', 135, 290), (23, 1, 'Review comment 23', '2023-05-09', 252, 381), (24, 3, 'Review comment 24', '2024-06-15', 7, 143), (25, 4, 'Review comment 25', '2023-06-15', 313, 167), (26, 5, 'Review comment 26', '2023-08-02', 273, 276), (27, 1, 'Review comment 27', '2023-09-25', 266, 222), (28, 4, 'Review comment 28', '2025-05-11', 146, 72), (29, 5, 'Review comment 29', '2024-02-01', 161, 170), (30, 3, 'Review comment 30', '2025-01-25', 262, 247), (31, 3, 'Review comment 31', '2024-10-18', 268, 264), (32, 2, 'Review comment 32', '2025-07-14', 1, 20), (33, 3, 'Review comment 33', '2025-07-19', 216, 24), (34, 1, 'Review comment 34', '2023-02-13', 222, 202), (35, 1, 'Review comment 35', '2023-11-30', 34, 112), (36, 5, 'Review comment 36', '2023-05-05', 184, 379), (37, 5, 'Review comment 37', '2024-03-19', 172, 87), (38, 3, 'Review comment 38', '2025-11-16', 233, 356), (39, 5, 'Review comment 39', '2024-09-30', 139, 292), (40, 2, 'Review comment 40', '2024-04-04', 177, 305), (41, 4, 'Review comment 41', '2024-04-10', 257, 8), (42, 1, 'Review comment 42', '2025-01-01', 252, 193), (43, 4, 'Review comment 43', '2023-02-03', 53, 101), (44, 2, 'Review comment 44', '2025-07-28', 172, 228), (45, 1, 'Review comment 45', '2023-01-15', 59, 114), (46, 1, 'Review comment 46', '2023-01-23', 229, 114), (47, 4, 'Review comment 47', '2023-09-20', 307, 281), (48, 4, 'Review comment 48', '2023-08-05', 58, 118), (49, 1, 'Review comment 49', '2023-05-30', 41, 177), (50, 1, 'Review comment 50', '2023-11-13', 5, 57), (51, 4, 'Review comment 51', '2024-11-04', 156, 97), (52, 1, 'Review comment 52', '2023-05-02', 191, 195), (53, 4, 'Review comment 53', '2023-01-16', 238, 124), (54, 4, 'Review comment 54', '2025-07-09', 162, 269), (55, 1, 'Review comment 55', '2024-06-16', 221, 338), (56, 4, 'Review comment 56', '2023-12-15', 300, 207), (57, 2, 'Review comment 57', '2023-04-13', 149, 181), (58, 2, 'Review comment 58', '2023-04-04', 311, 50), (59, 5, 'Review comment 59', '2025-06-21', 53, 281), (60, 5, 'Review comment 60', '2025-05-28', 307, 158), (61, 1, 'Review comment 61', '2025-09-14', 165, 322), (62, 3, 'Review comment 62', '2024-06-01', 71, 159), (63, 3, 'Review comment 63', '2024-05-30', 216, 101), (64, 5, 'Review comment 64', '2025-10-23', 109, 105), (65, 2, 'Review comment 65', '2025-09-04', 225, 270), (66, 5, 'Review comment 66', '2025-10-13', 273, 160), (67, 5, 'Review comment 67', '2024-01-03', 322, 93), (68, 4, 'Review comment 68', '2024-04-02', 153, 287), (69, 5, 'Review comment 69', '2024-09-03', 228, 176), (70, 2, 'Review comment 70', '2025-03-16', 170, 329), (71, 4, 'Review comment 71', '2025-09-11', 23, 2), (72, 4, 'Review comment 72', '2025-10-21', 104, 80), (73, 5, 'Review comment 73', '2024-02-05', 253, 316), (74, 5, 'Review comment 74', '2025-11-16', 152, 394), (75, 3, 'Review comment 75', '2025-12-08', 96, 46), (76, 3, 'Review comment 76', '2024-12-22', 340, 392), (77, 2, 'Review comment 77', '2025-05-26', 397, 5), (78, 1, 'Review comment 78', '2025-02-14', 181, 74), (79, 2, 'Review comment 79', '2023-09-19', 276, 137), (80, 2, 'Review comment 80', '2025-07-14', 248, 395), (81, 1, 'Review comment 81', '2025-01-01', 44, 20), (82, 2, 'Review comment 82', '2023-01-27', 394, 172), (83, 4, 'Review comment 83', '2025-07-11', 345, 381), (84, 5, 'Review comment 84', '2024-10-20', 152, 259), (85, 5, 'Review comment 85', '2024-04-13', 191, 132), (86, 4, 'Review comment 86', '2024-12-14', 178, 330), (87, 5, 'Review comment 87', '2023-08-17', 146, 118), (88, 5, 'Review comment 88', '2024-11-02', 328, 168), (89, 2, 'Review comment 89', '2023-08-30', 169, 336), (90, 5, 'Review comment 90', '2025-04-29', 118, 238), (91, 4, 'Review comment 91', '2023-12-21', 370, 268), (92, 2, 'Review comment 92', '2025-08-29', 130, 214), (93, 3, 'Review comment 93', '2023-02-23', 52, 113), (94, 2, 'Review comment 94', '2024-09-23', 292, 74), (95, 4, 'Review comment 95', '2024-11-05', 391, 156), (96, 2, 'Review comment 96', '2023-10-06', 134, 273), (97, 1, 'Review comment 97', '2024-06-27', 341, 302), (98, 1, 'Review comment 98', '2025-12-20', 8, 242), (99, 4, 'Review comment 99', '2024-05-20', 329, 147), (100, 5, 'Review comment 100', '2023-11-02', 259, 324), (101, 3, 'Review comment 101', '2023-07-31', 193, 114), (102, 1, 'Review comment 102', '2024-07-29', 216, 24), (103, 3, 'Review comment 103', '2025-07-31', 151, 370), (104, 5, 'Review comment 104', '2024-02-14', 154, 393), (105, 1, 'Review comment 105', '2024-01-17', 219, 38), (106, 5, 'Review comment 106', '2025-04-03', 161, 118), (107, 5, 'Review comment 107', '2024-12-02', 163, 394), (108, 2, 'Review comment 108', '2023-02-02', 95, 366), (109, 5, 'Review comment 109', '2024-01-11', 233, 39), (110, 3, 'Review comment 110', '2023-06-20', 328, 375), (111, 5, 'Review comment 111', '2023-09-16', 367, 319), (112, 1, 'Review comment 112', '2023-11-29', 150, 18), (113, 5, 'Review comment 113', '2023-01-01', 7, 130), (114, 5, 'Review comment 114', '2024-07-11', 398, 226), (115, 2, 'Review comment 115', '2023-08-27', 117, 208), (116, 1, 'Review comment 116', '2024-03-22', 222, 392), (117, 5, 'Review comment 117', '2025-05-10', 18, 191), (118, 1, 'Review comment 118', '2023-06-06', 35, 116), (119, 4, 'Review comment 119', '2025-02-05', 249, 134), (120, 4, 'Review comment 120', '2025-08-04', 88, 236), (121, 5, 'Review comment 121', '2024-01-04', 52, 26), (122, 2, 'Review comment 122', '2023-12-17', 132, 343), (123, 1, 'Review comment 123', '2023-12-15', 343, 95), (124, 5, 'Review comment 124', '2023-03-09', 214, 381), (125, 2, 'Review comment 125', '2023-11-13', 42, 389), (126, 5, 'Review comment 126', '2025-01-09', 311, 27), (127, 4, 'Review comment 127', '2025-08-17', 52, 127), (128, 4, 'Review comment 128', '2024-03-07', 154, 188), (129, 4, 'Review comment 129', '2024-09-22', 23, 146), (130, 2, 'Review comment 130', '2025-01-30', 353, 393), (131, 5, 'Review comment 131', '2024-02-13', 124, 315), (132, 4, 'Review comment 132', '2024-08-17', 253, 173), (133, 5, 'Review comment 133', '2025-11-14', 107, 130), (134, 4, 'Review comment 134', '2025-05-10', 266, 284), (135, 4, 'Review comment 135', '2023-03-31', 24, 298), (136, 3, 'Review comment 136', '2024-07-15', 287, 292), (137, 5, 'Review comment 137', '2025-03-19', 388, 124), (138, 4, 'Review comment 138', '2025-07-26', 393, 239), (139, 3, 'Review comment 139', '2023-12-04', 256, 398), (140, 1, 'Review comment 140', '2024-03-31', 200, 18), (141, 2, 'Review comment 141', '2025-11-09', 345, 1), (142, 3, 'Review comment 142', '2025-09-12', 124, 185), (143, 2, 'Review comment 143', '2024-11-17', 157, 256), (144, 2, 'Review comment 144', '2023-01-24', 10, 69), (145, 2, 'Review comment 145', '2025-04-21', 260, 135), (146, 4, 'Review comment 146', '2024-05-25', 123, 391), (147, 5, 'Review comment 147', '2025-07-11', 28, 231), (148, 1, 'Review comment 148', '2024-11-17', 246, 61), (149, 3, 'Review comment 149', '2024-11-16', 77, 204), (150, 4, 'Review comment 150', '2025-12-05', 87, 21), (151, 3, 'Review comment 151', '2025-03-26', 54, 234), (152, 5, 'Review comment 152', '2023-01-02', 228, 325), (153, 3, 'Review comment 153', '2024-08-28', 134, 389), (154, 2, 'Review comment 154', '2023-03-18', 156, 24), (155, 2, 'Review comment 155', '2023-07-28', 7, 254), (156, 5, 'Review comment 156', '2025-12-16', 159, 226), (157, 1, 'Review comment 157', '2025-09-09', 259, 62), (158, 1, 'Review comment 158', '2023-04-04', 286, 397), (159, 1, 'Review comment 159', '2023-07-23', 351, 248), (160, 1, 'Review comment 160', '2023-05-02', 129, 363), (161, 1, 'Review comment 161', '2024-05-15', 308, 171), (162, 2, 'Review comment 162', '2025-09-22', 209, 241), (163, 5, 'Review comment 163', '2023-12-09', 29, 8), (164, 1, 'Review comment 164', '2024-02-05', 153, 155), (165, 2, 'Review comment 165', '2024-11-20', 141, 178), (166, 4, 'Review comment 166', '2023-08-02', 171, 132), (167, 5, 'Review comment 167', '2024-01-18', 290, 122), (168, 3, 'Review comment 168', '2023-03-19', 51, 242), (169, 3, 'Review comment 169', '2024-10-23', 30, 132), (170, 5, 'Review comment 170', '2023-08-20', 271, 27), (171, 3, 'Review comment 171', '2024-01-27', 201, 367), (172, 4, 'Review comment 172', '2023-12-24', 120, 87), (173, 3, 'Review comment 173', '2024-12-06', 42, 149), (174, 4, 'Review comment 174', '2025-08-24', 44, 177), (175, 4, 'Review comment 175', '2023-01-10', 242, 279), (176, 4, 'Review comment 176', '2024-11-28', 113, 52), (177, 2, 'Review comment 177', '2024-07-16', 352, 366), (178, 3, 'Review comment 178', '2023-04-18', 126, 394), (179, 5, 'Review comment 179', '2024-12-06', 327, 99), (180, 3, 'Review comment 180', '2024-07-30', 315, 240), (181, 2, 'Review comment 181', '2023-07-01', 261, 337), (182, 3, 'Review comment 182', '2025-07-08', 51, 181), (183, 5, 'Review comment 183', '2024-02-18', 110, 239), (184, 4, 'Review comment 184', '2024-05-19', 172, 182), (185, 1, 'Review comment 185', '2023-08-16', 335, 393), (186, 2, 'Review comment 186', '2024-08-06', 71, 110), (187, 1, 'Review comment 187', '2024-02-20', 286, 312), (188, 3, 'Review comment 188', '2023-03-26', 11, 257), (189, 5, 'Review comment 189', '2023-12-10', 362, 12), (190, 4, 'Review comment 190', '2023-08-04', 344, 90), (191, 4, 'Review comment 191', '2024-07-21', 34, 310), (192, 2, 'Review comment 192', '2024-08-20', 367, 40), (193, 2, 'Review comment 193', '2023-07-04', 389, 243), (194, 1, 'Review comment 194', '2025-08-05', 204, 80), (195, 5, 'Review comment 195', '2024-07-01', 259, 289), (196, 3, 'Review comment 196', '2024-07-02', 185, 118), (197, 4, 'Review comment 197', '2025-05-15', 42, 82), (198, 4, 'Review comment 198', '2025-07-16', 268, 296), (199, 5, 'Review comment 199', '2024-11-04', 23, 283), (200, 2, 'Review comment 200', '2025-05-24', 263, 229), (201, 1, 'Review comment 201', '2023-01-23', 68, 120), (202, 4, 'Review comment 202', '2023-03-04', 364, 17), (203, 1, 'Review comment 203', '2023-01-03', 154, 171), (204, 1, 'Review comment 204', '2023-05-20', 69, 198), (205, 5, 'Review comment 205', '2025-01-15', 364, 367), (206, 1, 'Review comment 206', '2025-07-08', 377, 207), (207, 3, 'Review comment 207', '2023-11-23', 388, 56), (208, 5, 'Review comment 208', '2024-08-26', 6, 82), (209, 3, 'Review comment 209', '2023-05-08', 61, 80), (210, 4, 'Review comment 210', '2025-02-11', 117, 344), (211, 5, 'Review comment 211', '2025-04-30', 276, 271), (212, 4, 'Review comment 212', '2025-02-11', 377, 364), (213, 4, 'Review comment 213', '2025-02-16', 52, 315), (214, 3, 'Review comment 214', '2025-01-07', 92, 347), (215, 1, 'Review comment 215', '2023-11-12', 117, 328), (216, 5, 'Review comment 216', '2024-10-31', 145, 275), (217, 2, 'Review comment 217', '2023-02-28', 212, 198), (218, 4, 'Review comment 218', '2025-04-25', 372, 257), (219, 5, 'Review comment 219', '2025-01-12', 200, 362), (220, 5, 'Review comment 220', '2023-02-02', 351, 383), (221, 5, 'Review comment 221', '2024-04-23', 95, 381), (222, 4, 'Review comment 222', '2023-03-29', 392, 362), (223, 1, 'Review comment 223', '2024-11-28', 199, 223), (224, 3, 'Review comment 224', '2024-12-06', 97, 111), (225, 3, 'Review comment 225', '2025-02-20', 240, 190), (226, 2, 'Review comment 226', '2023-06-30', 154, 282), (227, 5, 'Review comment 227', '2025-05-18', 286, 212), (228, 4, 'Review comment 228', '2023-01-15', 75, 383), (229, 3, 'Review comment 229', '2025-09-13', 154, 347), (230, 1, 'Review comment 230', '2023-12-04', 185, 260), (231, 1, 'Review comment 231', '2025-10-31', 224, 54), (232, 1, 'Review comment 232', '2024-01-09', 268, 322), (233, 3, 'Review comment 233', '2025-11-19', 257, 116), (234, 2, 'Review comment 234', '2023-09-08', 41, 50), (235, 3, 'Review comment 235', '2023-11-27', 343, 15), (236, 5, 'Review comment 236', '2025-11-04', 78, 350), (237, 4, 'Review comment 237', '2025-01-30', 338, 301), (238, 4, 'Review comment 238', '2024-10-23', 178, 60), (239, 4, 'Review comment 239', '2023-01-05', 366, 136), (240, 3, 'Review comment 240', '2025-02-03', 325, 350), (241, 4, 'Review comment 241', '2023-05-30', 175, 5), (242, 3, 'Review comment 242', '2024-07-23', 313, 90), (243, 3, 'Review comment 243', '2024-11-17', 332, 25), (244, 1, 'Review comment 244', '2023-10-26', 89, 234), (245, 4, 'Review comment 245', '2023-10-12', 348, 373), (246, 1, 'Review comment 246', '2023-06-27', 58, 10), (247, 4, 'Review comment 247', '2025-03-25', 164, 392), (248, 5, 'Review comment 248', '2024-03-18', 52, 158), (249, 2, 'Review comment 249', '2024-06-06', 64, 377), (250, 5, 'Review comment 250', '2023-02-23', 195, 168), (251, 2, 'Review comment 251', '2025-03-07', 299, 39), (252, 1, 'Review comment 252', '2024-07-25', 28, 387), (253, 5, 'Review comment 253', '2025-12-16', 300, 149), (254, 1, 'Review comment 254', '2025-07-03', 328, 167), (255, 3, 'Review comment 255', '2025-05-12', 351, 28), (256, 3, 'Review comment 256', '2024-02-11', 29, 374), (257, 3, 'Review comment 257', '2024-09-27', 259, 174), (258, 5, 'Review comment 258', '2024-08-31', 350, 21), (259, 3, 'Review comment 259', '2025-05-13', 123, 292), (260, 5, 'Review comment 260', '2025-07-29', 36, 64), (261, 5, 'Review comment 261', '2024-02-29', 28, 137), (262, 4, 'Review comment 262', '2023-03-05', 301, 99), (263, 3, 'Review comment 263', '2024-02-28', 135, 314), (264, 3, 'Review comment 264', '2025-12-15', 342, 92), (265, 3, 'Review comment 265', '2023-11-13', 301, 364), (266, 2, 'Review comment 266', '2025-06-25', 274, 388), (267, 1, 'Review comment 267', '2025-11-18', 210, 230), (268, 4, 'Review comment 268', '2025-05-02', 265, 45), (269, 3, 'Review comment 269', '2024-07-10', 389, 313), (270, 4, 'Review comment 270', '2024-08-27', 360, 354), (271, 4, 'Review comment 271', '2025-04-25', 268, 175), (272, 5, 'Review comment 272', '2023-11-08', 219, 248), (273, 1, 'Review comment 273', '2024-03-06', 235, 100), (274, 5, 'Review comment 274', '2023-08-12', 203, 130), (275, 4, 'Review comment 275', '2024-03-28', 2, 75), (276, 2, 'Review comment 276', '2025-07-23', 3, 117), (277, 2, 'Review comment 277', '2023-01-02', 288, 230), (278, 1, 'Review comment 278', '2024-05-23', 5, 37), (279, 5, 'Review comment 279', '2024-06-28', 278, 330), (280, 5, 'Review comment 280', '2024-05-02', 245, 13), (281, 5, 'Review comment 281', '2025-03-08', 26, 136), (282, 3, 'Review comment 282', '2025-01-28', 77, 120), (283, 1, 'Review comment 283', '2023-01-03', 374, 111), (284, 5, 'Review comment 284', '2023-09-01', 288, 82), (285, 1, 'Review comment 285', '2024-03-01', 84, 271), (286, 2, 'Review comment 286', '2025-10-10', 28, 90), (287, 1, 'Review comment 287', '2025-11-13', 52, 2), (288, 4, 'Review comment 288', '2025-12-10', 328, 392), (289, 2, 'Review comment 289', '2023-02-26', 339, 197), (290, 3, 'Review comment 290', '2025-01-13', 132, 293), (291, 5, 'Review comment 291', '2024-06-28', 110, 47), (292, 3, 'Review comment 292', '2024-02-14', 280, 241), (293, 5, 'Review comment 293', '2024-09-05', 218, 303), (294, 5, 'Review comment 294', '2023-02-06', 29, 265), (295, 5, 'Review comment 295', '2025-02-21', 350, 357), (296, 1, 'Review comment 296', '2023-12-11', 145, 152), (297, 1, 'Review comment 297', '2025-08-14', 281, 304), (298, 3, 'Review comment 298', '2023-03-10', 380, 133), (299, 2, 'Review comment 299', '2025-02-02', 301, 36), (300, 4, 'Review comment 300', '2023-05-03', 373, 273), (301, 4, 'Review comment 301', '2023-04-16', 192, 176), (302, 1, 'Review comment 302', '2024-12-17', 42, 367), (303, 5, 'Review comment 303', '2023-03-10', 289, 247), (304, 2, 'Review comment 304', '2024-09-28', 153, 316), (305, 5, 'Review comment 305', '2025-09-19', 372, 105), (306, 2, 'Review comment 306', '2024-05-11', 57, 336), (307, 2, 'Review comment 307', '2023-11-12', 115, 14), (308, 3, 'Review comment 308', '2023-08-14', 17, 327), (309, 4, 'Review comment 309', '2024-12-03', 25, 157), (310, 4, 'Review comment 310', '2025-07-29', 340, 86), (311, 2, 'Review comment 311', '2024-10-16', 42, 315), (312, 1, 'Review comment 312', '2025-12-13', 74, 177), (313, 2, 'Review comment 313', '2023-10-14', 196, 284), (314, 4, 'Review comment 314', '2025-10-11', 355, 391), (315, 4, 'Review comment 315', '2025-09-07', 388, 172), (316, 1, 'Review comment 316', '2025-08-22', 277, 292), (317, 5, 'Review comment 317', '2024-06-21', 310, 320), (318, 5, 'Review comment 318', '2024-11-13', 282, 186), (319, 3, 'Review comment 319', '2025-05-28', 326, 179), (320, 2, 'Review comment 320', '2023-10-04', 173, 295), (321, 1, 'Review comment 321', '2023-01-04', 336, 253), (322, 3, 'Review comment 322', '2025-02-04', 331, 163), (323, 3, 'Review comment 323', '2025-10-27', 379, 314), (324, 3, 'Review comment 324', '2024-04-14', 395, 359), (325, 2, 'Review comment 325', '2024-10-01', 277, 196), (326, 4, 'Review comment 326', '2023-03-28', 25, 212), (327, 3, 'Review comment 327', '2023-12-22', 219, 242), (328, 2, 'Review comment 328', '2025-09-14', 211, 24), (329, 3, 'Review comment 329', '2025-05-06', 6, 78), (330, 1, 'Review comment 330', '2023-11-25', 261, 352), (331, 3, 'Review comment 331', '2025-10-17', 77, 355), (332, 1, 'Review comment 332', '2023-09-10', 67, 360), (333, 2, 'Review comment 333', '2023-08-08', 101, 319), (334, 1, 'Review comment 334', '2025-10-23', 329, 103), (335, 2, 'Review comment 335', '2025-11-06', 175, 119), (336, 3, 'Review comment 336', '2023-08-11', 188, 256), (337, 2, 'Review comment 337', '2025-06-27', 3, 400), (338, 2, 'Review comment 338', '2023-07-27', 204, 356), (339, 3, 'Review comment 339', '2023-12-28', 344, 138), (340, 4, 'Review comment 340', '2025-05-22', 7, 115), (341, 2, 'Review comment 341', '2025-04-02', 306, 215), (342, 5, 'Review comment 342', '2025-07-11', 356, 37), (343, 4, 'Review comment 343', '2023-09-27', 240, 6), (344, 4, 'Review comment 344', '2024-10-10', 216, 144), (345, 2, 'Review comment 345', '2023-02-20', 183, 20), (346, 5, 'Review comment 346', '2025-03-07', 87, 65), (347, 2, 'Review comment 347', '2024-08-26', 207, 319), (348, 4, 'Review comment 348', '2023-07-03', 188, 227), (349, 3, 'Review comment 349', '2023-08-07', 307, 60), (350, 2, 'Review comment 350', '2024-09-13', 50, 278), (351, 1, 'Review comment 351', '2024-02-01', 71, 293), (352, 2, 'Review comment 352', '2025-03-22', 258, 186), (353, 2, 'Review comment 353', '2025-05-01', 4, 268), (354, 4, 'Review comment 354', '2025-02-09', 350, 203), (355, 3, 'Review comment 355', '2023-02-05', 175, 12), (356, 5, 'Review comment 356', '2025-09-25', 161, 240), (357, 1, 'Review comment 357', '2023-09-09', 283, 332), (358, 3, 'Review comment 358', '2024-02-28', 328, 331), (359, 4, 'Review comment 359', '2023-01-04', 179, 64), (360, 5, 'Review comment 360', '2024-11-02', 126, 313), (361, 3, 'Review comment 361', '2025-01-18', 347, 27), (362, 5, 'Review comment 362', '2025-01-11', 72, 60), (363, 5, 'Review comment 363', '2024-02-20', 34, 6), (364, 2, 'Review comment 364', '2024-06-18', 366, 113), (365, 2, 'Review comment 365', '2023-04-12', 200, 208), (366, 3, 'Review comment 366', '2023-02-27', 152, 329), (367, 2, 'Review comment 367', '2024-05-24', 123, 393), (368, 2, 'Review comment 368', '2024-09-11', 7, 319), (369, 2, 'Review comment 369', '2023-12-14', 112, 301), (370, 3, 'Review comment 370', '2023-11-29', 105, 317), (371, 5, 'Review comment 371', '2025-11-12', 317, 233), (372, 3, 'Review comment 372', '2025-11-14', 30, 140), (373, 1, 'Review comment 373', '2023-03-10', 37, 329), (374, 4, 'Review comment 374', '2025-12-28', 222, 161), (375, 5, 'Review comment 375', '2024-04-20', 216, 188), (376, 1, 'Review comment 376', '2025-01-16', 37, 126), (377, 3, 'Review comment 377', '2023-02-11', 331, 298), (378, 5, 'Review comment 378', '2023-08-02', 360, 62), (379, 5, 'Review comment 379', '2025-07-19', 101, 348), (380, 3, 'Review comment 380', '2025-10-04', 43, 345), (381, 5, 'Review comment 381', '2024-01-29', 132, 1), (382, 3, 'Review comment 382', '2025-09-26', 79, 184), (383, 4, 'Review comment 383', '2025-07-16', 371, 179), (384, 1, 'Review comment 384', '2024-10-26', 397, 250), (385, 1, 'Review comment 385', '2025-03-02', 302, 222), (386, 3, 'Review comment 386', '2024-10-17', 365, 150), (387, 5, 'Review comment 387', '2023-09-07', 316, 125), (388, 4, 'Review comment 388', '2023-12-11', 155, 18), (389, 5, 'Review comment 389', '2023-08-07', 74, 10), (390, 2, 'Review comment 390', '2024-02-09', 68, 391), (391, 2, 'Review comment 391', '2025-05-08', 133, 163), (392, 1, 'Review comment 392', '2025-12-29', 7, 12), (393, 1, 'Review comment 393', '2025-06-20', 344, 54), (394, 4, 'Review comment 394', '2024-12-28', 7, 177), (395, 2, 'Review comment 395', '2024-08-03', 360, 18), (396, 3, 'Review comment 396', '2024-09-16', 30, 154), (397, 2, 'Review comment 397', '2025-07-02', 199, 316), (398, 1, 'Review comment 398', '2025-12-24', 244, 293), (399, 1, 'Review comment 399', '2025-08-14', 392, 91), (400, 2, 'Review comment 400', '2025-04-23', 291, 306);
INSERT INTO OrderDish (Amount, OrderID, DishID) VALUES (3, 306, 190), (4, 205, 183), (4, 124, 376), (3, 101, 317), (3, 46, 293), (2, 363, 325), (1, 162, 153), (5, 39, 61), (2, 253, 324), (2, 392, 60), (3, 217, 244), (2, 87, 395), (2, 384, 375), (4, 195, 109), (1, 218, 46), (1, 104, 358), (2, 396, 36), (2, 84, 95), (4, 136, 223), (2, 196, 225), (5, 178, 62), (3, 36, 38), (1, 146, 312), (2, 2, 202), (3, 371, 133), (5, 196, 125), (4, 131, 14), (5, 94, 192), (4, 21, 373), (3, 101, 119), (2, 268, 334), (2, 219, 248), (2, 121, 228), (5, 124, 165), (2, 269, 111), (1, 164, 210), (1, 1, 389), (1, 96, 157), (5, 48, 297), (5, 219, 104), (5, 325, 56), (4, 334, 213), (4, 321, 204), (2, 283, 271), (2, 275, 154), (1, 318, 268), (3, 392, 208), (4, 28, 232), (1, 154, 370), (3, 260, 363), (1, 389, 216), (2, 400, 54), (5, 360, 23), (4, 158, 241), (2, 16, 235), (2, 258, 371), (5, 389, 386), (2, 263, 117), (5, 62, 352), (4, 344, 97), (5, 292, 1), (2, 398, 335), (4, 216, 131), (2, 41, 345), (2, 36, 349), (1, 370, 99), (5, 101, 352), (3, 92, 330), (4, 122, 52), (4, 258, 53), (2, 351, 372), (5, 151, 58), (3, 35, 153), (5, 341, 146), (1, 311, 74), (2, 58, 214), (4, 160, 99), (5, 145, 92), (2, 78, 50), (4, 83, 155), (1, 213, 331), (2, 196, 374), (1, 324, 127), (4, 301, 160), (1, 26, 322), (3, 327, 239), (4, 316, 27), (5, 149, 73), (3, 228, 131), (2, 299, 222), (5, 399, 129), (5, 318, 392), (3, 215, 303), (4, 1, 371), (4, 80, 397), (1, 250, 87), (4, 323, 382), (5, 155, 271), (1, 241, 236), (2, 383, 113), (2, 179, 397), (2, 7, 314), (1, 264, 116), (4, 274, 210), (4, 253, 43), (3, 275, 376), (3, 364, 263), (4, 221, 261), (5, 153, 231), (1, 30, 150), (4, 76, 274), (4, 243, 178), (4, 300, 347), (4, 365, 369), (5, 295, 25), (4, 140, 365), (5, 250, 345), (4, 290, 382), (4, 338, 99), (3, 182, 55), (2, 214, 62), (3, 361, 179), (5, 102, 370), (3, 43, 257), (5, 190, 170), (3, 130, 192), (5, 196, 243), (5, 86, 382), (3, 47, 196), (4, 372, 296), (5, 55, 189), (4, 20, 17), (1, 190, 388), (1, 125, 392), (4, 288, 25), (5, 103, 120), (5, 364, 11), (4, 360, 124), (5, 96, 103), (2, 61, 22), (1, 287, 278), (2, 180, 131), (5, 63, 189), (5, 133, 49), (5, 78, 399), (4, 365, 76), (5, 246, 360), (5, 373, 398), (5, 43, 154), (3, 117, 121), (2, 110, 71), (3, 215, 27), (1, 309, 49), (2, 376, 319), (1, 345, 51), (3, 331, 289), (3, 48, 84), (3, 75, 347), (4, 242, 279), (5, 66, 194), (4, 379, 164), (4, 81, 348), (1, 226, 45), (1, 183, 240), (1, 176, 173), (2, 182, 147), (3, 200, 228), (2, 88, 229), (4, 248, 74), (2, 107, 257), (2, 1, 320), (5, 316, 45), (5, 16, 322), (1, 356, 389), (2, 122, 347), (3, 386, 126), (3, 167, 397), (5, 153, 65), (5, 388, 376), (1, 49, 295), (3, 264, 73), (5, 183, 347), (1, 313, 399), (1, 251, 382), (3, 17, 344), (3, 10, 1), (2, 391, 268), (1, 308, 136), (5, 155, 387), (3, 134, 308), (3, 394, 1), (5, 87, 386), (1, 259, 323), (4, 129, 225), (1, 8, 76), (3, 73, 10), (1, 202, 103), (4, 305, 191), (5, 323, 32), (1, 241, 250), (4, 186, 129), (3, 216, 301), (3, 206, 147), (1, 365, 157), (3, 321, 370), (1, 225, 380), (5, 202, 231), (2, 349, 114), (1, 22, 33), (4, 204, 147), (4, 146, 94), (2, 399, 400), (1, 389, 129), (3, 122, 253), (1, 93, 163), (5, 205, 330), (1, 84, 67), (4, 164, 389), (4, 365, 383), (3, 263, 8), (2, 260, 331), (4, 124, 282), (3, 348, 270), (5, 370, 56), (5, 16, 196), (2, 217, 38), (3, 348, 19), (5, 230, 398), (4, 55, 390), (5, 383, 169), (2, 207, 360), (4, 261, 377), (5, 277, 264), (5, 192, 223), (1, 171, 51), (3, 118, 353), (2, 83, 282), (5, 217, 131), (4, 237, 132), (5, 346, 187), (1, 89, 201), (2, 233, 317), (2, 271, 310), (5, 322, 98), (3, 366, 59), (2, 124, 120), (5, 394, 300), (4, 199, 37), (3, 84, 238), (5, 16, 383), (1, 292, 21), (2, 158, 302), (3, 215, 208), (1, 182, 106), (1, 29, 332), (5, 391, 91), (2, 17, 293), (1, 293, 85), (1, 400, 253), (3, 57, 56), (2, 319, 287), (5, 322, 315), (3, 156, 99), (1, 317, 69), (3, 14, 399), (1, 392, 153), (4, 188, 293), (2, 150, 121), (4, 70, 202), (2, 313, 309), (5, 149, 74), (3, 284, 388), (3, 166, 153), (1, 20, 102), (5, 82, 30), (1, 69, 269), (3, 327, 11), (5, 85, 16), (3, 283, 119), (1, 97, 354), (2, 79, 95), (1, 189, 162), (1, 27, 347), (5, 326, 113), (3, 91, 377), (1, 344, 151), (2, 363, 332), (1, 151, 330), (2, 254, 253), (1, 218, 171), (5, 398, 390), (1, 120, 105), (3, 33, 373), (4, 53, 358), (5, 172, 143), (4, 397, 181), (1, 132, 188), (1, 99, 330), (1, 134, 191), (2, 191, 104), (3, 162, 26), (1, 181, 295), (2, 178, 330), (4, 131, 280), (5, 97, 34), (2, 317, 252), (3, 119, 27), (2, 294, 305), (4, 256, 101), (2, 380, 142), (1, 346, 396), (5, 61, 143), (2, 105, 32), (5, 349, 98), (4, 174, 332), (3, 26, 386), (4, 52, 45), (5, 332, 82), (1, 97, 355), (1, 42, 249), (4, 210, 106), (4, 171, 140), (3, 191, 89), (1, 185, 243), (1, 63, 314), (1, 75, 46), (4, 181, 219), (2, 307, 274), (4, 131, 76), (3, 311, 59), (2, 98, 299), (4, 237, 273), (1, 242, 83), (4, 385, 266), (4, 258, 225), (3, 305, 196), (5, 355, 248), (5, 394, 247), (5, 360, 246), (4, 31, 210), (2, 303, 295), (2, 78, 49), (1, 308, 132), (2, 172, 51), (5, 96, 76), (5, 87, 361), (3, 278, 55), (1, 391, 206), (1, 357, 13), (5, 149, 307), (3, 61, 312), (5, 240, 126), (5, 171, 287), (1, 133, 38), (3, 194, 87), (2, 107, 344), (3, 45, 181), (1, 329, 325), (4, 132, 251), (3, 392, 172), (4, 86, 124), (4, 273, 330), (1, 129, 396), (5, 397, 76), (5, 43, 271), (3, 203, 28), (4, 364, 83), (2, 370, 262), (4, 231, 33), (3, 110, 259), (1, 61, 369), (1, 267, 141), (1, 37, 191), (4, 33, 100), (2, 238, 202), (2, 332, 98), (3, 147, 165), (5, 80, 369), (3, 174, 268), (3, 246, 368), (2, 312, 208), (5, 141, 271), (5, 44, 314), (4, 334, 332), (3, 87, 157), (5, 361, 25), (4, 255, 220), (3, 186, 196), (3, 154, 49), (5, 129, 379), (3, 385, 3), (1, 4, 228), (3, 354, 181), (3, 26, 230), (2, 364, 301), (2, 114, 151), (1, 312, 370), (3, 204, 381), (2, 256, 129), (1, 218, 57);
